Workbook

Sheet کاتالوگ مبلمان
L1: تاریخ لیست قیمت | M1: 1405/02/01
D17: لیست قیمت مبلمان حذف از تولید
H20: (1405/02/01)
D41: فهرست
D42: دسته محصولات | I42: صفحه
D44: مبل آکومه (با پارچه) | I44: 4
D46: مبل آکومه (بدون پارچه) | I46: 5
D48: مبل ساپلی (با پارچه) | I48: 6
D50: مبل ساپلی (بدون پارچه) | I50: 6
D52: مبل ساپن (با پارچه) | I52: 7
D54: مبل ساپن (بدون پارچه) | I54: 8
D56: مبل سیپو (با پارچه) | I56: 9
D58: مبل سیپو (بدون پارچه) | I58: 10
D60: مبل کاتیوو (با پارچه) | I60: 11
D62: مبل کاتیوو (بدون پارچه) | I62: 12
D64: مبل چستر (با پارچه) | I64: 13
D66: مبل چستر (بدون پارچه) | I66: 13
D68: مبل ماپا (با پارچه) | I68: 14
D70: مبل ماپا (بدون پارچه) | I70: 15
... D84: مبل پیناس (با پارچه ) | I84: 22
D86: فهرست
D87: دسته محصولات | I87: صفحه
D89: مبل پیناس (بدون پارچه) | I89: 23
D91: مبل داگلاس (با پارچه) | I91: 24
D93: مبل داگلاس (بدون پارچه) | I93: 25
D95: مبل میپل (با پارچه) | I95: 26
D97: مبل میپل (بدون پارچه) | I97: 27
D99: مبل تیلیا (با پارچه) | I99: 28
D101: مبل تیلیا (بدون پارچه) | I101: 29
D103: مبل سالیکس (با پارچه) | I103: 30
D105: مبل سالیکس (بدون پارچه) | I105: 31
D107: مبل بالزا (با پارچه) | I107: 32
D109: مبل بالزا (بدون پارچه) | I109: 32
D111: غذاخوری آکومه (با پارچه) | I111: 33
... D131: غذاخوری نوئل (بدون پارچه) | I131: 39
D133: فهرست
D134: دسته محصولات | I134: صفحه
D136: غذاخوری میپل (با پارچه) | I136: 40
D138: غذاخوری میپل (بدون پارچه) | I138: 41
D140: سرویس خواب ساپلی | I140: 42
D142: سرویس خواب ساپن | I142: 43
D144: سرویس خواب فولیا | I144: 43
D146: سرویس خواب سلتیس | I146: 43
D148: سرویس خواب ایلکس | I148: 44
D150: سرویس خواب مرانتی | I150: 45
D152: سرویس خواب واوونا | I152: 46
D154: سرویس خواب پارانا | I154: 47
D156: سرویس خواب آمارانت | I156: 48
D158: سرویس خواب جیوا | I158: 49
... D178: شلف استند 120 | I178: 58
D182: مبل آکومه (با پارچه) | I182: =$M$1 -> 1405/02/01
D183: ردیف | E183: کد کالا | F183: شرح کالا | I183: قیمت (ریال)
D184: 1 | E184: =INDEX('حذف از تولید و لیست اصلی'!B:B,MATCH('کاتالوگ مبلمان'!J184,'حذف از تولید و لیست اصلی'!I:I,0)) -> 2110010000 | F184: =INDEX('حذف از تولید و لیست اصلی'!C:C,MATCH('کاتالوگ مبلمان'!J184,'حذف از تولید و لیست اصلی'!I:I,0)) -> مبل هفت‌نفره آکومه (یک عدد سه‌نفره + یک عدد دونفره + دو عدد یک‌نفره) | I184: =INDEX('حذف از تولید و لیست اصلی'!E:E,MATCH('کاتالوگ مبلمان'!J184,'حذف از تولید و لیست اصلی'!I:I,0)) -> 5751000000 | J184: 1
D185: 2 | E185: =INDEX('حذف از تولید و لیست اصلی'!B:B,MATCH('کاتالوگ مبلمان'!J185,'حذف از تولید و لیست اصلی'!I:I,0)) -> 2110010300 | F185: =INDEX('حذف از تولید و لیست اصلی'!C:C,MATCH('کاتالوگ مبلمان'!J185,'حذف از تولید و لیست اصلی'!I:I,0)) -> کاناپه سه‌نفره آکومه (4 عدد کوسن) | I185: =INDEX('حذف از تولید و لیست اصلی'!E:E,MATCH('کاتالوگ مبلمان'!J185,'حذف از تولید و لیست اصلی'!I:I,0)) -> 1886000000 | J185: 2
D186: 3 | E186: =INDEX('حذف از تولید و لیست اصلی'!B:B,MATCH('کاتالوگ مبلمان'!J186,'حذف از تولید و لیست اصلی'!I:I,0)) -> 2110010200 | F186: =INDEX('حذف از تولید و لیست اصلی'!C:C,MATCH('کاتالوگ مبلمان'!J186,'حذف از تولید و لیست اصلی'!I:I,0)) -> کاناپه دونفره آکومه (4 عدد کوسن) | I186: =INDEX('حذف از تولید و لیست اصلی'!E:E,MATCH('کاتالوگ مبلمان'!J186,'حذف از تولید و لیست اصلی'!I:I,0)) -> 1425000000 | J186: 3
D187: 4 | E187: =INDEX('حذف از تولید و لیست اصلی'!B:B,MATCH('کاتالوگ مبلمان'!J187,'حذف از تولید و لیست اصلی'!I:I,0)) -> 2110010100 | F187: =INDEX('حذف از تولید و لیست اصلی'!C:C,MATCH('کاتالوگ مبلمان'!J187,'حذف از تولید و لیست اصلی'!I:I,0)) -> مبل یک‌نفره آکومه (1 عدد کوسن) | I187: =INDEX('حذف از تولید و لیست اصلی'!E:E,MATCH('کاتالوگ مبلمان'!J187,'حذف از تولید و لیست اصلی'!I:I,0)) -> 1220000000 | J187: 4
D188: 5 | E188: =INDEX('حذف از تولید و لیست اصلی'!B:B,MATCH('کاتالوگ مبلمان'!J188,'حذف از تولید و لیست اصلی'!I:I,0)) -> - | F188: =INDEX('حذف از تولید و لیست اصلی'!C:C,MATCH('کاتالوگ مبلمان'!J188,'حذف از تولید و لیست اصلی'!I:I,0)) -> متراژ پارچه هفت‌نفره (فریم 16 متر + تشک 8.5 متر + کوسن 5.5 متر) | I188: =INDEX('حذف از تولید و لیست اصلی'!E:E,MATCH('کاتالوگ مبلمان'!J188,'حذف از تولید و لیست اصلی'!I:I,0)) -> 30 متر | J188: 5
D189: 6 | E189: =INDEX('حذف از تولید و لیست اصلی'!B:B,MATCH('کاتالوگ مبلمان'!J189,'حذف از تولید و لیست اصلی'!I:I,0)) -> - | F189: =INDEX('حذف از تولید و لیست اصلی'!C:C,MATCH('کاتالوگ مبلمان'!J189,'حذف از تولید و لیست اصلی'!I:I,0)) -> متراژ پارچه سه‌نفره (فریم 5 متر + تشک 3 متر + کوسن 2 متر) | I189: =INDEX('حذف از تولید و لیست اصلی'!E:E,MATCH('کاتالوگ مبلمان'!J189,'حذف از تولید و لیست اصلی'!I:I,0)) -> 10 متر | J189: 6
D190: 7 | E190: =INDEX('حذف از تولید و لیست اصلی'!B:B,MATCH('کاتالوگ مبلمان'!J190,'حذف از تولید و لیست اصلی'!I:I,0)) -> - | F190: =INDEX('حذف از تولید و لیست اصلی'!C:C,MATCH('کاتالوگ مبلمان'!J190,'حذف از تولید و لیست اصلی'!I:I,0)) -> متراژ پارچه دونفره (فریم 4.5 متر + تشک 2 متر + کوسن 1.5 متر) | I190: =INDEX('حذف از تولید و لیست اصلی'!E:E,MATCH('کاتالوگ مبلمان'!J190,'حذف از تولید و لیست اصلی'!I:I,0)) -> 8 متر | J190: 7
D191: 8 | E191: =INDEX('حذف از تولید و لیست اصلی'!B:B,MATCH('کاتالوگ مبلمان'!J191,'حذف از تولید و لیست اصلی'!I:I,0)) -> - | F191: =INDEX('حذف از تولید و لیست اصلی'!C:C,MATCH('کاتالوگ مبلمان'!J191,'حذف از تولید و لیست اصلی'!I:I,0)) -> متراژ پارچه یک‌نفره (فریم بیرون، داخل و تشک از یک پارچه 5 متر + کوسن 1 متر) | I191: =INDEX('حذف از تولید و لیست اصلی'!E:E,MATCH('کاتالوگ مبلمان'!J191,'حذف از تولید و لیست اصلی'!I:I,0)) -> 6 متر | J191: 8
D192: 9 | E192: =INDEX('حذف از تولید و لیست اصلی'!B:B,MATCH('کاتالوگ مبلمان'!J192,'حذف از تولید و لیست اصلی'!I:I,0)) -> - | F192: =INDEX('حذف از تولید و لیست اصلی'!C:C,MATCH('کاتالوگ مبلمان'!J192,'حذف از تولید و لیست اصلی'!I:I,0)) -> متراژ پارچه یک‌نفره (فریم بیرون 2 متر + فریم داخل و تشک 3.5 متر + کوسن 1 متر) | I192: =INDEX('حذف از تولید و لیست اصلی'!E:E,MATCH('کاتالوگ مبلمان'!J192,'حذف از تولید و لیست اصلی'!I:I,0)) -> 6.5 متر | J192: 9
I199: 4
D202: مبل آکومه (بدون پارچه) | I202: =$M$1 -> 1405/02/01
D203: ردیف | E203: کد کالا | F203: شرح کالا | I203: قیمت (ریال)
D204: 1 | E204: =INDEX('حذف از تولید و لیست اصلی'!B:B,MATCH('کاتالوگ مبلمان'!J204,'حذف از تولید و لیست اصلی'!I:I,0)) -> 2110010000 | F204: =INDEX('حذف از تولید و لیست اصلی'!C:C,MATCH('کاتالوگ مبلمان'!J204,'حذف از تولید و لیست اصلی'!I:I,0)) -> مبل هفت‌نفره آکومه (یک عدد سه‌نفره + یک عدد دونفره + دو عدد یک‌نفره) | I204: =INDEX('حذف از تولید و لیست اصلی'!E:E,MATCH('کاتالوگ مبلمان'!J204,'حذف از تولید و لیست اصلی'!I:I,0)) -> 5151000000 | J204: 10
D205: 2 | E205: =INDEX('حذف از تولید و لیست اصلی'!B:B,MATCH('کاتالوگ مبلمان'!J205,'حذف از تولید و لیست اصلی'!I:I,0)) -> 2110010300 | F205: =INDEX('حذف از تولید و لیست اصلی'!C:C,MATCH('کاتالوگ مبلمان'!J205,'حذف از تولید و لیست اصلی'!I:I,0)) -> کاناپه سه‌نفره آکومه (4 عدد کوسن) | I205: =INDEX('حذف از تولید و لیست اصلی'!E:E,MATCH('کاتالوگ مبلمان'!J205,'حذف از تولید و لیست اصلی'!I:I,0)) -> 1686000000 | J205: 11
D206: 3 | E206: =INDEX('حذف از تولید و لیست اصلی'!B:B,MATCH('کاتالوگ مبلمان'!J206,'حذف از تولید و لیست اصلی'!I:I,0)) -> 2110010200 | F206: =INDEX('حذف از تولید و لیست اصلی'!C:C,MATCH('کاتالوگ مبلمان'!J206,'حذف از تولید و لیست اصلی'!I:I,0)) -> کاناپه دونفره آکومه (4 عدد کوسن) | I206: =INDEX('حذف از تولید و لیست اصلی'!E:E,MATCH('کاتالوگ مبلمان'!J206,'حذف از تولید و لیست اصلی'!I:I,0)) -> 1265000000 | J206: 12
D207: 4 | E207: =INDEX('حذف از تولید و لیست اصلی'!B:B,MATCH('کاتالوگ مبلمان'!J207,'حذف از تولید و لیست اصلی'!I:I,0)) -> 2110010100 | F207: =INDEX('حذف از تولید و لیست اصلی'!C:C,MATCH('کاتالوگ مبلمان'!J207,'حذف از تولید و لیست اصلی'!I:I,0)) -> مبل یک‌نفره آکومه (1 عدد کوسن) | I207: =INDEX('حذف از تولید و لیست اصلی'!E:E,MATCH('کاتالوگ مبلمان'!J207,'حذف از تولید و لیست اصلی'!I:I,0)) -> 1100000000 | J207: 13
D208: 5 | E208: =INDEX('حذف از تولید و لیست اصلی'!B:B,MATCH('کاتالوگ مبلمان'!J208,'حذف از تولید و لیست اصلی'!I:I,0)) -> - | F208: =INDEX('حذف از تولید و لیست اصلی'!C:C,MATCH('کاتالوگ مبلمان'!J208,'حذف از تولید و لیست اصلی'!I:I,0)) -> متراژ پارچه هفت‌نفره (فریم 16 متر + تشک 8.5 متر + کوسن 5.5 متر) | I208: =INDEX('حذف از تولید و لیست اصلی'!E:E,MATCH('کاتالوگ مبلمان'!J208,'حذف از تولید و لیست اصلی'!I:I,0)) -> 30 متر | J208: 14
D209: 6 | E209: =INDEX('حذف از تولید و لیست اصلی'!B:B,MATCH('کاتالوگ مبلمان'!J209,'حذف از تولید و لیست اصلی'!I:I,0)) -> - | F209: =INDEX('حذف از تولید و لیست اصلی'!C:C,MATCH('کاتالوگ مبلمان'!J209,'حذف از تولید و لیست اصلی'!I:I,0)) -> متراژ پارچه سه‌نفره (فریم 5 متر + تشک 3 متر + کوسن 2 متر) | I209: =INDEX('حذف از تولید و لیست اصلی'!E:E,MATCH('کاتالوگ مبلمان'!J209,'حذف از تولید و لیست اصلی'!I:I,0)) -> 10 متر | J209: 15
D210: 7 | E210: =INDEX('حذف از تولید و لیست اصلی'!B:B,MATCH('کاتالوگ مبلمان'!J210,'حذف از تولید و لیست اصلی'!I:I,0)) -> - | F210: =INDEX('حذف از تولید و لیست اصلی'!C:C,MATCH('کاتالوگ مبلمان'!J210,'حذف از تولید و لیست اصلی'!I:I,0)) -> متراژ پارچه دونفره (فریم 4.5 متر + تشک 2 متر + کوسن 1.5 متر) | I210: =INDEX('حذف از تولید و لیست اصلی'!E:E,MATCH('کاتالوگ مبلمان'!J210,'حذف از تولید و لیست اصلی'!I:I,0)) -> 8 متر | J210: 16
D211: 8 | E211: =INDEX('حذف از تولید و لیست اصلی'!B:B,MATCH('کاتالوگ مبلمان'!J211,'حذف از تولید و لیست اصلی'!I:I,0)) -> - | F211: =INDEX('حذف از تولید و لیست اصلی'!C:C,MATCH('کاتالوگ مبلمان'!J211,'حذف از تولید و لیست اصلی'!I:I,0)) -> متراژ پارچه یک‌نفره (فریم بیرون، داخل و تشک از یک پارچه 5 متر + کوسن 1 متر) | I211: =INDEX('حذف از تولید و لیست اصلی'!E:E,MATCH('کاتالوگ مبلمان'!J211,'حذف از تولید و لیست اصلی'!I:I,0)) -> 6 متر | J211: 17
D212: 9 | E212: =INDEX('حذف از تولید و لیست اصلی'!B:B,MATCH('کاتالوگ مبلمان'!J212,'حذف از تولید و لیست اصلی'!I:I,0)) -> - | F212: =INDEX('حذف از تولید و لیست اصلی'!C:C,MATCH('کاتالوگ مبلمان'!J212,'حذف از تولید و لیست اصلی'!I:I,0)) -> متراژ پارچه یک‌نفره (فریم بیرون 2 متر + فریم داخل و تشک 3.5 متر + کوسن 1 متر) | I212: =INDEX('حذف از تولید و لیست اصلی'!E:E,MATCH('کاتالوگ مبلمان'!J212,'حذف از تولید و لیست اصلی'!I:I,0)) -> 6.5 متر | J212: 18
I217: 5
D220: مبل ساپلی (با پارچه) | I220: =$M$1 -> 1405/02/01
D221: ردیف | E221: کد کالا | F221: شرح کالا | I221: قیمت (ریال)
D222: 1 | E222: =INDEX('حذف از تولید و لیست اصلی'!B:B,MATCH('کاتالوگ مبلمان'!J222,'حذف از تولید و لیست اصلی'!I:I,0)) -> 2160010300 | F222: =INDEX('حذف از تولید و لیست اصلی'!C:C,MATCH('کاتالوگ مبلمان'!J222,'حذف از تولید و لیست اصلی'!I:I,0)) -> پاف ساپلی | I222: =INDEX('حذف از تولید و لیست اصلی'!E:E,MATCH('کاتالوگ مبلمان'!J222,'حذف از تولید و لیست اصلی'!I:I,0)) -> 463000000 | J222: 19
D223: 2 | E223: =INDEX('حذف از تولید و لیست اصلی'!B:B,MATCH('کاتالوگ مبلمان'!J223,'حذف از تولید و لیست اصلی'!I:I,0)) -> - | F223: =INDEX('حذف از تولید و لیست اصلی'!C:C,MATCH('کاتالوگ مبلمان'!J223,'حذف از تولید و لیست اصلی'!I:I,0)) -> متراژ پارچه پاف | I223: =INDEX('حذف از تولید و لیست اصلی'!E:E,MATCH('کاتالوگ مبلمان'!J223,'حذف از تولید و لیست اصلی'!I:I,0)) -> 2/5متر | J223: 20
D230: مبل ساپلی (بدون پارچه) | I230: =$M$1 -> 1405/02/01
D231: ردیف | E231: کد کالا | F231: شرح کالا | I231: قیمت (ریال)
D232: 1 | E232: =INDEX('حذف از تولید و لیست اصلی'!B:B,MATCH('کاتالوگ مبلمان'!J232,'حذف از تولید و لیست اصلی'!I:I,0)) -> 2160010300 | F232: =INDEX('حذف از تولید و لیست اصلی'!C:C,MATCH('کاتالوگ مبلمان'!J232,'حذف از تولید و لیست اصلی'!I:I,0)) -> پاف ساپلی | I232: =INDEX('حذف از تولید و لیست اصلی'!E:E,MATCH('کاتالوگ مبلمان'!J232,'حذف از تولید و لیست اصلی'!I:I,0)) -> 413000000 | J232: 21
D233: 2 | E233: =INDEX('حذف از تولید و لیست اصلی'!B:B,MATCH('کاتالوگ مبلمان'!J233,'حذف از تولید و لیست اصلی'!I:I,0)) -> - | F233: =INDEX('حذف از تولید و لیست اصلی'!C:C,MATCH('کاتالوگ مبلمان'!J233,'حذف از تولید و لیست اصلی'!I:I,0)) -> متراژ پارچه پاف | I233: =INDEX('حذف از تولید و لیست اصلی'!E:E,MATCH('کاتالوگ مبلمان'!J233,'حذف از تولید و لیست اصلی'!I:I,0)) -> 2/5متر | J233: 22
I242: 6
D245: مبل ساپن (با پارچه) | I245: =$M$1 -> 1405/02/01
D246: ردیف | E246: کد کالا | F246: شرح کالا | I246: قیمت (ریال)
D247: 1 | E247: =INDEX('حذف از تولید و لیست اصلی'!B:B,MATCH('کاتالوگ مبلمان'!J247,'حذف از تولید و لیست اصلی'!I:I,0)) -> 2110030300 | F247: =INDEX('حذف از تولید و لیست اصلی'!C:C,MATCH('کاتالوگ مبلمان'!J247,'حذف از تولید و لیست اصلی'!I:I,0)) -> کاناپه سه نفره ساپن ( 5 عددکوسن ) | I247: =INDEX('حذف از تولید و لیست اصلی'!E:E,MATCH('کاتالوگ مبلمان'!J247,'حذف از تولید و لیست اصلی'!I:I,0)) -> 1123000000 | J247: 23
D248: 2 | E248: =INDEX('حذف از تولید و لیست اصلی'!B:B,MATCH('کاتالوگ مبلمان'!J248,'حذف از تولید و لیست اصلی'!I:I,0)) -> 2110030200 | F248: =INDEX('حذف از تولید و لیست اصلی'!C:C,MATCH('کاتالوگ مبلمان'!J248,'حذف از تولید و لیست اصلی'!I:I,0)) -> کاناپه دو نفره ساپن ( 4 عدد کوسن ) | I248: =INDEX('حذف از تولید و لیست اصلی'!E:E,MATCH('کاتالوگ مبلمان'!J248,'حذف از تولید و لیست اصلی'!I:I,0)) -> 858000000 | J248: 24
D249: 3 | E249: =INDEX('حذف از تولید و لیست اصلی'!B:B,MATCH('کاتالوگ مبلمان'!J249,'حذف از تولید و لیست اصلی'!I:I,0)) -> 2110030100 | F249: =INDEX('حذف از تولید و لیست اصلی'!C:C,MATCH('کاتالوگ مبلمان'!J249,'حذف از تولید و لیست اصلی'!I:I,0)) -> مبل یک نفره ساپن ( 1 عدد کوسن ) | I249: =INDEX('حذف از تولید و لیست اصلی'!E:E,MATCH('کاتالوگ مبلمان'!J249,'حذف از تولید و لیست اصلی'!I:I,0)) -> 509000000 | J249: 25
D250: 4 | E250: =INDEX('حذف از تولید و لیست اصلی'!B:B,MATCH('کاتالوگ مبلمان'!J250,'حذف از تولید و لیست اصلی'!I:I,0)) -> 2110030500 | F250: =INDEX('حذف از تولید و لیست اصلی'!C:C,MATCH('کاتالوگ مبلمان'!J250,'حذف از تولید و لیست اصلی'!I:I,0)) -> میز جلو مبلی ساپن | I250: =INDEX('حذف از تولید و لیست اصلی'!E:E,MATCH('کاتالوگ مبلمان'!J250,'حذف از تولید و لیست اصلی'!I:I,0)) -> 576000000 | J250: 26
D251: 5 | E251: =INDEX('حذف از تولید و لیست اصلی'!B:B,MATCH('کاتالوگ مبلمان'!J251,'حذف از تولید و لیست اصلی'!I:I,0)) -> 2110030600 | F251: =INDEX('حذف از تولید و لیست اصلی'!C:C,MATCH('کاتالوگ مبلمان'!J251,'حذف از تولید و لیست اصلی'!I:I,0)) -> میز کنار مبلی ساپن | I251: =INDEX('حذف از تولید و لیست اصلی'!E:E,MATCH('کاتالوگ مبلمان'!J251,'حذف از تولید و لیست اصلی'!I:I,0)) -> 440000000 | J251: 27
D252: 6 | E252: =INDEX('حذف از تولید و لیست اصلی'!B:B,MATCH('کاتالوگ مبلمان'!J252,'حذف از تولید و لیست اصلی'!I:I,0)) -> 0 | F252: =INDEX('حذف از تولید و لیست اصلی'!C:C,MATCH('کاتالوگ مبلمان'!J252,'حذف از تولید و لیست اصلی'!I:I,0)) -> متراژ پارچه سه نفره ( فریم 6/5 متر + تشک 3 متر + کوسن 2 متر) | I252: =INDEX('حذف از تولید و لیست اصلی'!E:E,MATCH('کاتالوگ مبلمان'!J252,'حذف از تولید و لیست اصلی'!I:I,0)) -> 11/5متر | J252: 28
D253: 7 | E253: =INDEX('حذف از تولید و لیست اصلی'!B:B,MATCH('کاتالوگ مبلمان'!J253,'حذف از تولید و لیست اصلی'!I:I,0)) -> 0 | F253: =INDEX('حذف از تولید و لیست اصلی'!C:C,MATCH('کاتالوگ مبلمان'!J253,'حذف از تولید و لیست اصلی'!I:I,0)) -> متراژ پارچه دو نفره ( فریم 5/5 متر + تشک 2 متر + کوسن 2متر ) | I253: =INDEX('حذف از تولید و لیست اصلی'!E:E,MATCH('کاتالوگ مبلمان'!J253,'حذف از تولید و لیست اصلی'!I:I,0)) -> 9/5متر | J253: 29
D254: 8 | E254: =INDEX('حذف از تولید و لیست اصلی'!B:B,MATCH('کاتالوگ مبلمان'!J254,'حذف از تولید و لیست اصلی'!I:I,0)) -> 0 | F254: =INDEX('حذف از تولید و لیست اصلی'!C:C,MATCH('کاتالوگ مبلمان'!J254,'حذف از تولید و لیست اصلی'!I:I,0)) -> متراژ پارچه یک نفره( فریم 2/5 متر + کف 8/. متر + کوسن 5/. متر ) | I254: =INDEX('حذف از تولید و لیست اصلی'!E:E,MATCH('کاتالوگ مبلمان'!J254,'حذف از تولید و لیست اصلی'!I:I,0)) -> 3/8متر | J254: 30
I263: 7
D266: مبل ساپن (بدون پارچه) | I266: =$M$1 -> 1405/02/01
D267: ردیف | E267: کد کالا | F267: شرح کالا | I267: قیمت (ریال)
D268: 1 | E268: =INDEX('حذف از تولید و لیست اصلی'!B:B,MATCH('کاتالوگ مبلمان'!J268,'حذف از تولید و لیست اصلی'!I:I,0)) -> 2110030300 | F268: =INDEX('حذف از تولید و لیست اصلی'!C:C,MATCH('کاتالوگ مبلمان'!J268,'حذف از تولید و لیست اصلی'!I:I,0)) -> کاناپه سه نفره ساپن ( 5 عددکوسن ) | I268: =INDEX('حذف از تولید و لیست اصلی'!E:E,MATCH('کاتالوگ مبلمان'!J268,'حذف از تولید و لیست اصلی'!I:I,0)) -> 893000000 | J268: 31
D269: 2 | E269: =INDEX('حذف از تولید و لیست اصلی'!B:B,MATCH('کاتالوگ مبلمان'!J269,'حذف از تولید و لیست اصلی'!I:I,0)) -> 2110030200 | F269: =INDEX('حذف از تولید و لیست اصلی'!C:C,MATCH('کاتالوگ مبلمان'!J269,'حذف از تولید و لیست اصلی'!I:I,0)) -> کاناپه دو نفره ساپن ( 4 عدد کوسن ) | I269: =INDEX('حذف از تولید و لیست اصلی'!E:E,MATCH('کاتالوگ مبلمان'!J269,'حذف از تولید و لیست اصلی'!I:I,0)) -> 668000000 | J269: 32
D270: 3 | E270: =INDEX('حذف از تولید و لیست اصلی'!B:B,MATCH('کاتالوگ مبلمان'!J270,'حذف از تولید و لیست اصلی'!I:I,0)) -> 2110030100 | F270: =INDEX('حذف از تولید و لیست اصلی'!C:C,MATCH('کاتالوگ مبلمان'!J270,'حذف از تولید و لیست اصلی'!I:I,0)) -> مبل یک نفره ساپن ( 1 عدد کوسن ) | I270: =INDEX('حذف از تولید و لیست اصلی'!E:E,MATCH('کاتالوگ مبلمان'!J270,'حذف از تولید و لیست اصلی'!I:I,0)) -> 433000000 | J270: 33
D271: 4 | E271: =INDEX('حذف از تولید و لیست اصلی'!B:B,MATCH('کاتالوگ مبلمان'!J271,'حذف از تولید و لیست اصلی'!I:I,0)) -> 2110030500 | F271: =INDEX('حذف از تولید و لیست اصلی'!C:C,MATCH('کاتالوگ مبلمان'!J271,'حذف از تولید و لیست اصلی'!I:I,0)) -> میز جلو مبلی ساپن | I271: =INDEX('حذف از تولید و لیست اصلی'!E:E,MATCH('کاتالوگ مبلمان'!J271,'حذف از تولید و لیست اصلی'!I:I,0)) -> 576000000 | J271: 34
...

Sheet کاتالوگ کالای خواب
R1: تاریخ لیست قیمت | S1: 1405/02/01
C22: لیست قیمت کالای خواب حذف از تولید
M26: (1405/02/01)
D56: فهرست
D57: دسته محصولات | O57: صفحه
D59: بالش | O59: 2
D61: سرویس روتختی | O61: 3-4
D63: سرویس ملحفه | O63: 5
D65: لحاف | O65: 6
D67: پتو | O67: 7
D69: تشک آریل | O69: 8
E94: بالش | N94: =$S$1 -> 1405/02/01
D95: ردیف | E95: کد کالا | I95: شرح | N95: قیمت (ریال)
D97: 1 | E97: =INDEX(' کالای خواب حذف از لیست اصلی'!C:C,MATCH(P97,' کالای خواب حذف از لیست اصلی'!P:P,0)) -> #N/A | I97: =INDEX(' کالای خواب حذف از لیست اصلی'!D:D,MATCH(P97,' کالای خواب حذف از لیست اصلی'!P:P,0)) -> #N/A | N97: =INDEX(' کالای خواب حذف از لیست اصلی'!F:F,MATCH(P97,' کالای خواب حذف از لیست اصلی'!P:P,0)) -> #N/A | P97: 1
D98: 2 | E98: =INDEX(' کالای خواب حذف از لیست اصلی'!C:C,MATCH(P98,' کالای خواب حذف از لیست اصلی'!P:P,0)) -> 9900120004 | I98: =INDEX(' کالای خواب حذف از لیست اصلی'!D:D,MATCH(P98,' کالای خواب حذف از لیست اصلی'!P:P,0)) -> بالش آتریپلکس / پلوم (90%پر) | N98: =INDEX(' کالای خواب حذف از لیست اصلی'!F:F,MATCH(P98,' کالای خواب حذف از لیست اصلی'!P:P,0)) -> 90000000 | P98: 2
D99: 3 | E99: =INDEX(' کالای خواب حذف از لیست اصلی'!C:C,MATCH(P99,' کالای خواب حذف از لیست اصلی'!P:P,0)) -> 9900120005 | I99: =INDEX(' کالای خواب حذف از لیست اصلی'!D:D,MATCH(P99,' کالای خواب حذف از لیست اصلی'!P:P,0)) -> بالش آتریپلکس / پاکت پیلو | N99: =INDEX(' کالای خواب حذف از لیست اصلی'!F:F,MATCH(P99,' کالای خواب حذف از لیست اصلی'!P:P,0)) -> 101000000 | P99: 3
D100: 4 | E100: =INDEX(' کالای خواب حذف از لیست اصلی'!C:C,MATCH(P100,' کالای خواب حذف از لیست اصلی'!P:P,0)) -> 9900120006 | I100: =INDEX(' کالای خواب حذف از لیست اصلی'!D:D,MATCH(P100,' کالای خواب حذف از لیست اصلی'!P:P,0)) -> بالش آتریپلکس / بامبو | N100: =INDEX(' کالای خواب حذف از لیست اصلی'!F:F,MATCH(P100,' کالای خواب حذف از لیست اصلی'!P:P,0)) -> 78000000 | P100: 4
D101: 5 | E101: =INDEX(' کالای خواب حذف از لیست اصلی'!C:C,MATCH(P101,' کالای خواب حذف از لیست اصلی'!P:P,0)) -> 9900120007 | I101: =INDEX(' کالای خواب حذف از لیست اصلی'!D:D,MATCH(P101,' کالای خواب حذف از لیست اصلی'!P:P,0)) -> بالش آتریپلکس / آلوئه ورا | N101: =INDEX(' کالای خواب حذف از لیست اصلی'!F:F,MATCH(P101,' کالای خواب حذف از لیست اصلی'!P:P,0)) -> 67000000 | P101: 5
D102: 6 | E102: =INDEX(' کالای خواب حذف از لیست اصلی'!C:C,MATCH(P102,' کالای خواب حذف از لیست اصلی'!P:P,0)) -> 9900120008 | I102: =INDEX(' کالای خواب حذف از لیست اصلی'!D:D,MATCH(P102,' کالای خواب حذف از لیست اصلی'!P:P,0)) -> بالش آتریپلکس / میکرو نیدل | N102: =INDEX(' کالای خواب حذف از لیست اصلی'!F:F,MATCH(P102,' کالای خواب حذف از لیست اصلی'!P:P,0)) -> 76000000 | P102: 6
D103: 7 | E103: =INDEX(' کالای خواب حذف از لیست اصلی'!C:C,MATCH(P103,' کالای خواب حذف از لیست اصلی'!P:P,0)) -> 9900120009 | I103: =INDEX(' کالای خواب حذف از لیست اصلی'!D:D,MATCH(P103,' کالای خواب حذف از لیست اصلی'!P:P,0)) -> بالش آتریپلکس / آل سیزنس | N103: =INDEX(' کالای خواب حذف از لیست اصلی'!F:F,MATCH(P103,' کالای خواب حذف از لیست اصلی'!P:P,0)) -> 76000000 | P103: 7
D104: 8 | E104: =INDEX(' کالای خواب حذف از لیست اصلی'!C:C,MATCH(P104,' کالای خواب حذف از لیست اصلی'!P:P,0)) -> 9900120010 | I104: =INDEX(' کالای خواب حذف از لیست اصلی'!D:D,MATCH(P104,' کالای خواب حذف از لیست اصلی'!P:P,0)) -> بالش آتریپلکس / نچرال | N104: =INDEX(' کالای خواب حذف از لیست اصلی'!F:F,MATCH(P104,' کالای خواب حذف از لیست اصلی'!P:P,0)) -> 76000000 | P104: 8
D105: 9 | E105: =INDEX(' کالای خواب حذف از لیست اصلی'!C:C,MATCH(P105,' کالای خواب حذف از لیست اصلی'!P:P,0)) -> 9900120011 | I105: =INDEX(' کالای خواب حذف از لیست اصلی'!D:D,MATCH(P105,' کالای خواب حذف از لیست اصلی'!P:P,0)) -> بالش آتریپلکس / هایپرکلاس | N105: =INDEX(' کالای خواب حذف از لیست اصلی'!F:F,MATCH(P105,' کالای خواب حذف از لیست اصلی'!P:P,0)) -> 88000000 | P105: 9
D106: 10 | E106: =INDEX(' کالای خواب حذف از لیست اصلی'!C:C,MATCH(P106,' کالای خواب حذف از لیست اصلی'!P:P,0)) -> 9900120012 | I106: =INDEX(' کالای خواب حذف از لیست اصلی'!D:D,MATCH(P106,' کالای خواب حذف از لیست اصلی'!P:P,0)) -> بالش آتریپلکس / فرش کول | N106: =INDEX(' کالای خواب حذف از لیست اصلی'!F:F,MATCH(P106,' کالای خواب حذف از لیست اصلی'!P:P,0)) -> 108000000 | P106: 10
D107: 11 | E107: =INDEX(' کالای خواب حذف از لیست اصلی'!C:C,MATCH(P107,' کالای خواب حذف از لیست اصلی'!P:P,0)) -> 9900120023 | I107: =INDEX(' کالای خواب حذف از لیست اصلی'!D:D,MATCH(P107,' کالای خواب حذف از لیست اصلی'!P:P,0)) -> بالش مون سیلک | N107: =INDEX(' کالای خواب حذف از لیست اصلی'!F:F,MATCH(P107,' کالای خواب حذف از لیست اصلی'!P:P,0)) -> 173000000 | P107: 11
D108: 12 | E108: =INDEX(' کالای خواب حذف از لیست اصلی'!C:C,MATCH(P108,' کالای خواب حذف از لیست اصلی'!P:P,0)) -> 9900120024 | I108: =INDEX(' کالای خواب حذف از لیست اصلی'!D:D,MATCH(P108,' کالای خواب حذف از لیست اصلی'!P:P,0)) -> بالش توین رست | N108: =INDEX(' کالای خواب حذف از لیست اصلی'!F:F,MATCH(P108,' کالای خواب حذف از لیست اصلی'!P:P,0)) -> 106000000 | P108: 12
D109: 13 | E109: =INDEX(' کالای خواب حذف از لیست اصلی'!C:C,MATCH(P109,' کالای خواب حذف از لیست اصلی'!P:P,0)) -> 9900120025 | I109: =INDEX(' کالای خواب حذف از لیست اصلی'!D:D,MATCH(P109,' کالای خواب حذف از لیست اصلی'!P:P,0)) -> بالش طبی مموری ترکیبی | N109: =INDEX(' کالای خواب حذف از لیست اصلی'!F:F,MATCH(P109,' کالای خواب حذف از لیست اصلی'!P:P,0)) -> 164000000 | P109: 13
O112: 2
E115: سرویس روتختی | N115: =$S$1 -> 1405/02/01
D116: ردیف | E116: کد کالا | I116: شرح | N116: قیمت (ریال)
D118: 1 | E118: =INDEX(' کالای خواب حذف از لیست اصلی'!C:C,MATCH(P118,' کالای خواب حذف از لیست اصلی'!P:P,0)) -> 9900130005 | I118: =INDEX(' کالای خواب حذف از لیست اصلی'!D:D,MATCH(P118,' کالای خواب حذف از لیست اصلی'!P:P,0)) -> سرویس روتختی دونفره سه تکه فریزیا / زغالی | N118: =INDEX(' کالای خواب حذف از لیست اصلی'!F:F,MATCH(P118,' کالای خواب حذف از لیست اصلی'!P:P,0)) -> 336000000 | P118: 14
D119: 2 | E119: =INDEX(' کالای خواب حذف از لیست اصلی'!C:C,MATCH(P119,' کالای خواب حذف از لیست اصلی'!P:P,0)) -> 9900130006 | I119: =INDEX(' کالای خواب حذف از لیست اصلی'!D:D,MATCH(P119,' کالای خواب حذف از لیست اصلی'!P:P,0)) -> سرویس روتختی دونفره سه تکه فریزیا / مسی | N119: =INDEX(' کالای خواب حذف از لیست اصلی'!F:F,MATCH(P119,' کالای خواب حذف از لیست اصلی'!P:P,0)) -> 336000000 | P119: 15
D120: 3 | E120: =INDEX(' کالای خواب حذف از لیست اصلی'!C:C,MATCH(P120,' کالای خواب حذف از لیست اصلی'!P:P,0)) -> 9900130007 | I120: =INDEX(' کالای خواب حذف از لیست اصلی'!D:D,MATCH(P120,' کالای خواب حذف از لیست اصلی'!P:P,0)) -> سرویس روتختی دونفره سه تکه فریزیا /آبی تیره | N120: =INDEX(' کالای خواب حذف از لیست اصلی'!F:F,MATCH(P120,' کالای خواب حذف از لیست اصلی'!P:P,0)) -> 336000000 | P120: 16
D121: 4 | E121: =INDEX(' کالای خواب حذف از لیست اصلی'!C:C,MATCH(P121,' کالای خواب حذف از لیست اصلی'!P:P,0)) -> 9900130008 | I121: =INDEX(' کالای خواب حذف از لیست اصلی'!D:D,MATCH(P121,' کالای خواب حذف از لیست اصلی'!P:P,0)) -> سرویس روتختی دونفره سه تکه فریزیا / خاکستری | N121: =INDEX(' کالای خواب حذف از لیست اصلی'!F:F,MATCH(P121,' کالای خواب حذف از لیست اصلی'!P:P,0)) -> 336000000 | P121: 17
D122: 5 | E122: =INDEX(' کالای خواب حذف از لیست اصلی'!C:C,MATCH(P122,' کالای خواب حذف از لیست اصلی'!P:P,0)) -> 9900130009 | I122: =INDEX(' کالای خواب حذف از لیست اصلی'!D:D,MATCH(P122,' کالای خواب حذف از لیست اصلی'!P:P,0)) -> سرویس روتختی یک نفره دو تکه فریزیا / زغالی | N122: =INDEX(' کالای خواب حذف از لیست اصلی'!F:F,MATCH(P122,' کالای خواب حذف از لیست اصلی'!P:P,0)) -> 268000000 | P122: 18
D123: 6 | E123: =INDEX(' کالای خواب حذف از لیست اصلی'!C:C,MATCH(P123,' کالای خواب حذف از لیست اصلی'!P:P,0)) -> 9900130010 | I123: =INDEX(' کالای خواب حذف از لیست اصلی'!D:D,MATCH(P123,' کالای خواب حذف از لیست اصلی'!P:P,0)) -> سرویس روتختی یک نفره دو تکه فریزیا / مسی | N123: =INDEX(' کالای خواب حذف از لیست اصلی'!F:F,MATCH(P123,' کالای خواب حذف از لیست اصلی'!P:P,0)) -> 268000000 | P123: 19
D124: 7 | E124: =INDEX(' کالای خواب حذف از لیست اصلی'!C:C,MATCH(P124,' کالای خواب حذف از لیست اصلی'!P:P,0)) -> 9900130011 | I124: =INDEX(' کالای خواب حذف از لیست اصلی'!D:D,MATCH(P124,' کالای خواب حذف از لیست اصلی'!P:P,0)) -> سرویس روتختی یک نفره دو تکه فریزیا / آبی تیره | N124: =INDEX(' کالای خواب حذف از لیست اصلی'!F:F,MATCH(P124,' کالای خواب حذف از لیست اصلی'!P:P,0)) -> 268000000 | P124: 20
D125: 8 | E125: =INDEX(' کالای خواب حذف از لیست اصلی'!C:C,MATCH(P125,' کالای خواب حذف از لیست اصلی'!P:P,0)) -> 9900130012 | I125: =INDEX(' کالای خواب حذف از لیست اصلی'!D:D,MATCH(P125,' کالای خواب حذف از لیست اصلی'!P:P,0)) -> سرویس روتختی یک نفره دو تکه فریزیا / خاکستری | N125: =INDEX(' کالای خواب حذف از لیست اصلی'!F:F,MATCH(P125,' کالای خواب حذف از لیست اصلی'!P:P,0)) -> 268000000 | P125: 21
D126: 9 | E126: =INDEX(' کالای خواب حذف از لیست اصلی'!C:C,MATCH(P126,' کالای خواب حذف از لیست اصلی'!P:P,0)) -> 9900130022 | I126: =INDEX(' کالای خواب حذف از لیست اصلی'!D:D,MATCH(P126,' کالای خواب حذف از لیست اصلی'!P:P,0)) -> سرویس روتختی دو نفره یازده تکه ماری گلد 22 | N126: =INDEX(' کالای خواب حذف از لیست اصلی'!F:F,MATCH(P126,' کالای خواب حذف از لیست اصلی'!P:P,0)) -> 747000000 | P126: 22
D127: 10 | E127: =INDEX(' کالای خواب حذف از لیست اصلی'!C:C,MATCH(P127,' کالای خواب حذف از لیست اصلی'!P:P,0)) -> 9900130025 | I127: =INDEX(' کالای خواب حذف از لیست اصلی'!D:D,MATCH(P127,' کالای خواب حذف از لیست اصلی'!P:P,0)) -> سرویس روتختی و کاور کینگ ده تکه دکوماریا 25 | N127: =INDEX(' کالای خواب حذف از لیست اصلی'!F:F,MATCH(P127,' کالای خواب حذف از لیست اصلی'!P:P,0)) -> 995000000 | P127: 23
D128: 11 | E128: =INDEX(' کالای خواب حذف از لیست اصلی'!C:C,MATCH(P128,' کالای خواب حذف از لیست اصلی'!P:P,0)) -> 9900130030 | I128: =INDEX(' کالای خواب حذف از لیست اصلی'!D:D,MATCH(P128,' کالای خواب حذف از لیست اصلی'!P:P,0)) -> سرویس روتختی دو نفره سه تکه کاتالیا 30 | N128: =INDEX(' کالای خواب حذف از لیست اصلی'!F:F,MATCH(P128,' کالای خواب حذف از لیست اصلی'!P:P,0)) -> 137000000 | P128: 24
D129: 12 | E129: =INDEX(' کالای خواب حذف از لیست اصلی'!C:C,MATCH(P129,' کالای خواب حذف از لیست اصلی'!P:P,0)) -> 9900130031 | I129: =INDEX(' کالای خواب حذف از لیست اصلی'!D:D,MATCH(P129,' کالای خواب حذف از لیست اصلی'!P:P,0)) -> سرویس روتختی دو نفره سه تکه کاتالیا 31 | N129: =INDEX(' کالای خواب حذف از لیست اصلی'!F:F,MATCH(P129,' کالای خواب حذف از لیست اصلی'!P:P,0)) -> 137000000 | P129: 25
... D133: 16 | E133: =INDEX(' کالای خواب حذف از لیست اصلی'!C:C,MATCH(P133,' کالای خواب حذف از لیست اصلی'!P:P,0)) -> 9900130035 | I133: =INDEX(' کالای خواب حذف از لیست اصلی'!D:D,MATCH(P133,' کالای خواب حذف از لیست اصلی'!P:P,0)) -> سرویس روتختی دو نفره سه تکه کاتالیا 35 | N133: =INDEX(' کالای خواب حذف از لیست اصلی'!F:F,MATCH(P133,' کالای خواب حذف از لیست اصلی'!P:P,0)) -> 137000000 | P133: 29
O134: 3
E137: سرویس روتختی | N137: =$S$1 -> 1405/02/01
D138: ردیف | E138: کد کالا | I138: شرح | N138: قیمت (ریال)
D140: 17 | E140: =INDEX(' کالای خواب حذف از لیست اصلی'!C:C,MATCH(P140,' کالای خواب حذف از لیست اصلی'!P:P,0)) -> 9900130036 | I140: =INDEX(' کالای خواب حذف از لیست اصلی'!D:D,MATCH(P140,' کالای خواب حذف از لیست اصلی'!P:P,0)) -> سرویس روتختی دو نفره شش تکه کاتالیا پلاس 36 | N140: =INDEX(' کالای خواب حذف از لیست اصلی'!F:F,MATCH(P140,' کالای خواب حذف از لیست اصلی'!P:P,0)) -> 268000000 | P140: 30
D141: 18 | E141: =INDEX(' کالای خواب حذف از لیست اصلی'!C:C,MATCH(P141,' کالای خواب حذف از لیست اصلی'!P:P,0)) -> 9900130037 | I141: =INDEX(' کالای خواب حذف از لیست اصلی'!D:D,MATCH(P141,' کالای خواب حذف از لیست اصلی'!P:P,0)) -> سرویس روتختی دو نفره شش تکه کاتالیا پلاس 37 | N141: =INDEX(' کالای خواب حذف از لیست اصلی'!F:F,MATCH(P141,' کالای خواب حذف از لیست اصلی'!P:P,0)) -> 268000000 | P141: 31
D142: 19 | E142: =INDEX(' کالای خواب حذف از لیست اصلی'!C:C,MATCH(P142,' کالای خواب حذف از لیست اصلی'!P:P,0)) -> 9900130038 | I142: =INDEX(' کالای خواب حذف از لیست اصلی'!D:D,MATCH(P142,' کالای خواب حذف از لیست اصلی'!P:P,0)) -> سرویس روتختی دو نفره شش تکه کاتالیا پلاس 38 | N142: =INDEX(' کالای خواب حذف از لیست اصلی'!F:F,MATCH(P142,' کالای خواب حذف از لیست اصلی'!P:P,0)) -> 268000000 | P142: 32
D143: 20 | E143: =INDEX(' کالای خواب حذف از لیست اصلی'!C:C,MATCH(P143,' کالای خواب حذف از لیست اصلی'!P:P,0)) -> 9900130039 | I143: =INDEX(' کالای خواب حذف از لیست اصلی'!D:D,MATCH(P143,' کالای خواب حذف از لیست اصلی'!P:P,0)) -> سرویس روتختی دو نفره شش تکه کاتالیا پلاس 39 | N143: =INDEX(' کالای خواب حذف از لیست اصلی'!F:F,MATCH(P143,' کالای خواب حذف از لیست اصلی'!P:P,0)) -> 268000000 | P143: 33
D144: 21 | E144: =INDEX(' کالای خواب حذف از لیست اصلی'!C:C,MATCH(P144,' کالای خواب حذف از لیست اصلی'!P:P,0)) -> 9900130040 | I144: =INDEX(' کالای خواب حذف از لیست اصلی'!D:D,MATCH(P144,' کالای خواب حذف از لیست اصلی'!P:P,0)) -> سرویس روتختی دو نفره شش تکه کاتالیا پلاس 40 | N144: =INDEX(' کالای خواب حذف از لیست اصلی'!F:F,MATCH(P144,' کالای خواب حذف از لیست اصلی'!P:P,0)) -> 268000000 | P144: 34
D145: 22 | E145: =INDEX(' کالای خواب حذف از لیست اصلی'!C:C,MATCH(P145,' کالای خواب حذف از لیست اصلی'!P:P,0)) -> 9900130041 | I145: =INDEX(' کالای خواب حذف از لیست اصلی'!D:D,MATCH(P145,' کالای خواب حذف از لیست اصلی'!P:P,0)) -> سرویس روتختی دو نفره شش تکه کاتالیا پلاس 41 | N145: =INDEX(' کالای خواب حذف از لیست اصلی'!F:F,MATCH(P145,' کالای خواب حذف از لیست اصلی'!P:P,0)) -> 268000000 | P145: 35
D146: 23 | E146: =INDEX(' کالای خواب حذف از لیست اصلی'!C:C,MATCH(P146,' کالای خواب حذف از لیست اصلی'!P:P,0)) -> 9900130042 | I146: =INDEX(' کالای خواب حذف از لیست اصلی'!D:D,MATCH(P146,' کالای خواب حذف از لیست اصلی'!P:P,0)) -> سرویس روتختی دو نفره شش تکه کاتالیا پلاس 42 | N146: =INDEX(' کالای خواب حذف از لیست اصلی'!F:F,MATCH(P146,' کالای خواب حذف از لیست اصلی'!P:P,0)) -> 268000000 | P146: 36
D147: 24 | E147: =INDEX(' کالای خواب حذف از لیست اصلی'!C:C,MATCH(P147,' کالای خواب حذف از لیست اصلی'!P:P,0)) -> 9900130043 | I147: =INDEX(' کالای خواب حذف از لیست اصلی'!D:D,MATCH(P147,' کالای خواب حذف از لیست اصلی'!P:P,0)) -> سرویس روتختی دو نفره شش تکه کاتالیا پلاس 43 | N147: =INDEX(' کالای خواب حذف از لیست اصلی'!F:F,MATCH(P147,' کالای خواب حذف از لیست اصلی'!P:P,0)) -> 268000000 | P147: 37
D148: 25 | E148: =INDEX(' کالای خواب حذف از لیست اصلی'!C:C,MATCH(P148,' کالای خواب حذف از لیست اصلی'!P:P,0)) -> 9900130044 | I148: =INDEX(' کالای خواب حذف از لیست اصلی'!D:D,MATCH(P148,' کالای خواب حذف از لیست اصلی'!P:P,0)) -> سرویس روتختی دو نفره شش تکه کاتالیا پلاس 44 | N148: =INDEX(' کالای خواب حذف از لیست اصلی'!F:F,MATCH(P148,' کالای خواب حذف از لیست اصلی'!P:P,0)) -> 268000000 | P148: 38
D149: 26 | E149: =INDEX(' کالای خواب حذف از لیست اصلی'!C:C,MATCH(P149,' کالای خواب حذف از لیست اصلی'!P:P,0)) -> 9900130045 | I149: =INDEX(' کالای خواب حذف از لیست اصلی'!D:D,MATCH(P149,' کالای خواب حذف از لیست اصلی'!P:P,0)) -> سرویس روتختی دو نفره شش تکه کاتالیا پلاس 45 | N149: =INDEX(' کالای خواب حذف از لیست اصلی'!F:F,MATCH(P149,' کالای خواب حذف از لیست اصلی'!P:P,0)) -> 268000000 | P149: 39
D150: 27 | E150: =INDEX(' کالای خواب حذف از لیست اصلی'!C:C,MATCH(P150,' کالای خواب حذف از لیست اصلی'!P:P,0)) -> 9900130046 | I150: =INDEX(' کالای خواب حذف از لیست اصلی'!D:D,MATCH(P150,' کالای خواب حذف از لیست اصلی'!P:P,0)) -> سرویس روتختی دو نفره ده تکه گلدن رودز 46 | N150: =INDEX(' کالای خواب حذف از لیست اصلی'!F:F,MATCH(P150,' کالای خواب حذف از لیست اصلی'!P:P,0)) -> 637000000 | P150: 40
D151: 28 | E151: =INDEX(' کالای خواب حذف از لیست اصلی'!C:C,MATCH(P151,' کالای خواب حذف از لیست اصلی'!P:P,0)) -> 9900130047 | I151: =INDEX(' کالای خواب حذف از لیست اصلی'!D:D,MATCH(P151,' کالای خواب حذف از لیست اصلی'!P:P,0)) -> سرویس روتختی دو نفره ده تکه گلدن رودز 47 | N151: =INDEX(' کالای خواب حذف از لیست اصلی'!F:F,MATCH(P151,' کالای خواب حذف از لیست اصلی'!P:P,0)) -> 637000000 | P151: 41
... D154: 31 | E154: =INDEX(' کالای خواب حذف از لیست اصلی'!C:C,MATCH(P154,' کالای خواب حذف از لیست اصلی'!P:P,0)) -> 9900130050 | I154: =INDEX(' کالای خواب حذف از لیست اصلی'!D:D,MATCH(P154,' کالای خواب حذف از لیست اصلی'!P:P,0)) -> سرویس روتختی دو نفره لوپین / سفارشی | N154: =INDEX(' کالای خواب حذف از لیست اصلی'!F:F,MATCH(P154,' کالای خواب حذف از لیست اصلی'!P:P,0)) -> 453000000 | P154: 44
O156: 4
E159: سرویس ملحفه | N159: =$S$1 -> 1405/02/01
D160: ردیف | E160: کد کالا | I160: شرح | N160: قیمت (ریال)
D162: 1 | E162: =INDEX(' کالای خواب حذف از لیست اصلی'!C:C,MATCH(P162,' کالای خواب حذف از لیست اصلی'!P:P,0)) -> 9900140005 | I162: =INDEX(' کالای خواب حذف از لیست اصلی'!D:D,MATCH(P162,' کالای خواب حذف از لیست اصلی'!P:P,0)) -> سرویس ملحفه دو نفره شش تکه کردلین / مسی | N162: =INDEX(' کالای خواب حذف از لیست اصلی'!F:F,MATCH(P162,' کالای خواب حذف از لیست اصلی'!P:P,0)) -> 326000000 | P162: 45
D163: 2 | E163: =INDEX(' کالای خواب حذف از لیست اصلی'!C:C,MATCH(P163,' کالای خواب حذف از لیست اصلی'!P:P,0)) -> 9900140007 | I163: =INDEX(' کالای خواب حذف از لیست اصلی'!D:D,MATCH(P163,' کالای خواب حذف از لیست اصلی'!P:P,0)) -> سرویس ملحفه دو نفره شش تکه داست میلر | N163: =INDEX(' کالای خواب حذف از لیست اصلی'!F:F,MATCH(P163,' کالای خواب حذف از لیست اصلی'!P:P,0)) -> 326000000 | P163: 46
D164: 3 | E164: =INDEX(' کالای خواب حذف از لیست اصلی'!C:C,MATCH(P164,' کالای خواب حذف از لیست اصلی'!P:P,0)) -> 9900140011 | I164: =INDEX(' کالای خواب حذف از لیست اصلی'!D:D,MATCH(P164,' کالای خواب حذف از لیست اصلی'!P:P,0)) -> سرویس ملحفه دو نفره شش تکه سالیوا | N164: =INDEX(' کالای خواب حذف از لیست اصلی'!F:F,MATCH(P164,' کالای خواب حذف از لیست اصلی'!P:P,0)) -> 326000000 | P164: 47
D165: 4 | E165: =INDEX(' کالای خواب حذف از لیست اصلی'!C:C,MATCH(P165,' کالای خواب حذف از لیست اصلی'!P:P,0)) -> 9900140020 | I165: =INDEX(' کالای خواب حذف از لیست اصلی'!D:D,MATCH(P165,' کالای خواب حذف از لیست اصلی'!P:P,0)) -> سرویس ملحفه یک نفره چهار تکه اسپری رز | N165: =INDEX(' کالای خواب حذف از لیست اصلی'!F:F,MATCH(P165,' کالای خواب حذف از لیست اصلی'!P:P,0)) -> 268000000 | P165: 48
D166: 5 | E166: =INDEX(' کالای خواب حذف از لیست اصلی'!C:C,MATCH(P166,' کالای خواب حذف از لیست اصلی'!P:P,0)) -> 9900140023 | I166: =INDEX(' کالای خواب حذف از لیست اصلی'!D:D,MATCH(P166,' کالای خواب حذف از لیست اصلی'!P:P,0)) -> سرویس ملحفه دو نفره شش تکه کراسپدیا / گلبهی | N166: =INDEX(' کالای خواب حذف از لیست اصلی'!F:F,MATCH(P166,' کالای خواب حذف از لیست اصلی'!P:P,0)) -> 356000000 | P166: 49
D167: 6 | E167: =INDEX(' کالای خواب حذف از لیست اصلی'!C:C,MATCH(P167,' کالای خواب حذف از لیست اصلی'!P:P,0)) -> 9900140028 | I167: =INDEX(' کالای خواب حذف از لیست اصلی'!D:D,MATCH(P167,' کالای خواب حذف از لیست اصلی'!P:P,0)) -> سرویس ملحفه دو نفره کینگ شش تکه آیریس | N167: =INDEX(' کالای خواب حذف از لیست اصلی'!F:F,MATCH(P167,' کالای خواب حذف از لیست اصلی'!P:P,0)) -> 420000000 | P167: 50
D168: 7 | E168: =INDEX(' کالای خواب حذف از لیست اصلی'!C:C,MATCH(P168,' کالای خواب حذف از لیست اصلی'!P:P,0)) -> 9900140029 | I168: =INDEX(' کالای خواب حذف از لیست اصلی'!D:D,MATCH(P168,' کالای خواب حذف از لیست اصلی'!P:P,0)) -> سرویس ملحفه دو نفره کینگ شش تکه لیاتریس | N168: =INDEX(' کالای خواب حذف از لیست اصلی'!F:F,MATCH(P168,' کالای خواب حذف از لیست اصلی'!P:P,0)) -> 420000000 | P168: 51
D169: 8 | E169: =INDEX(' کالای خواب حذف از لیست اصلی'!C:C,MATCH(P169,' کالای خواب حذف از لیست اصلی'!P:P,0)) -> 9900140031 | I169: =INDEX(' کالای خواب حذف از لیست اصلی'!D:D,MATCH(P169,' کالای خواب حذف از لیست اصلی'!P:P,0)) -> سرویس ملحفه دو نفره چهار تکه آلیسوم | N169: =INDEX(' کالای خواب حذف از لیست اصلی'!F:F,MATCH(P169,' کالای خواب حذف از لیست اصلی'!P:P,0)) -> 185000000 | P169: 52
D170: 9 | E170: =INDEX(' کالای خواب حذف از لیست اصلی'!C:C,MATCH(P170,' کالای خواب حذف از لیست اصلی'!P:P,0)) -> 9900140069 | I170: =INDEX(' کالای خواب حذف از لیست اصلی'!D:D,MATCH(P170,' کالای خواب حذف از لیست اصلی'!P:P,0)) -> سرویس ملحفه دو نفره شش تکه تریلیوم | N170: =INDEX(' کالای خواب حذف از لیست اصلی'!F:F,MATCH(P170,' کالای خواب حذف از لیست اصلی'!P:P,0)) -> 334000000 | P170: 53
D171: 10 | E171: =INDEX(' کالای خواب حذف از لیست اصلی'!C:C,MATCH(P171,' کالای خواب حذف از لیست اصلی'!P:P,0)) -> 9900140070 | I171: =INDEX(' کالای خواب حذف از لیست اصلی'!D:D,MATCH(P171,' کالای خواب حذف از لیست اصلی'!P:P,0)) -> سرویس ملحفه دو نفره کینگ شش تکه تریلیوم | N171: =INDEX(' کالای خواب حذف از لیست اصلی'!F:F,MATCH(P171,' کالای خواب حذف از لیست اصلی'!P:P,0)) -> 358000000 | P171: 54
D172: 11 | E172: =INDEX(' کالای خواب حذف از لیست اصلی'!C:C,MATCH(P172,' کالای خواب حذف از لیست اصلی'!P:P,0)) -> 9900140071 | I172: =INDEX(' کالای خواب حذف از لیست اصلی'!D:D,MATCH(P172,' کالای خواب حذف از لیست اصلی'!P:P,0)) -> سرویس ملحفه دو نفره شش تکه لیناریا | N172: =INDEX(' کالای خواب حذف از لیست اصلی'!F:F,MATCH(P172,' کالای خواب حذف از لیست اصلی'!P:P,0)) -> 316000000 | P172: 55
D173: 12 | E173: =INDEX(' کالای خواب حذف از لیست اصلی'!C:C,MATCH(P173,' کالای خواب حذف از لیست اصلی'!P:P,0)) -> 9900140072 | I173: =INDEX(' کالای خواب حذف از لیست اصلی'!D:D,MATCH(P173,' کالای خواب حذف از لیست اصلی'!P:P,0)) -> سرویس ملحفه دو نفره کینگ شش تکه لیناریا | N173: =INDEX(' کالای خواب حذف از لیست اصلی'!F:F,MATCH(P173,' کالای خواب حذف از لیست اصلی'!P:P,0)) -> 341000000 | P173: 56
... D175: 14 | E175: =INDEX(' کالای خواب حذف از لیست اصلی'!C:C,MATCH(P175,' کالای خواب حذف از لیست اصلی'!P:P,0)) -> 9900140076 | I175: =INDEX(' کالای خواب حذف از لیست اصلی'!D:D,MATCH(P175,' کالای خواب حذف از لیست اصلی'!P:P,0)) -> سرویس ملحفه دو نفره کینگ شش تکه بالوتا | N175: =INDEX(' کالای خواب حذف از لیست اصلی'!F:F,MATCH(P175,' کالای خواب حذف از لیست اصلی'!P:P,0)) -> 341000000 | P175: 58
O179: 5
E182: لحاف | N182: =$S$1 -> 1405/02/01
D183: ردیف | E183: کد کالا | I183: شرح | N183: قیمت (ریال)
D185: 1 | E185: =INDEX(' کالای خواب حذف از لیست اصلی'!C:C,MATCH(P185,' کالای خواب حذف از لیست اصلی'!P:P,0)) -> 9900150006 | I185: =INDEX(' کالای خواب حذف از لیست اصلی'!D:D,MATCH(P185,' کالای خواب حذف از لیست اصلی'!P:P,0)) -> لحاف دو نفره 215*235 آزالیا / آلوئه ورا | N185: =INDEX(' کالای خواب حذف از لیست اصلی'!F:F,MATCH(P185,' کالای خواب حذف از لیست اصلی'!P:P,0)) -> 216000000 | P185: 59
D186: 2 | E186: =INDEX(' کالای خواب حذف از لیست اصلی'!C:C,MATCH(P186,' کالای خواب حذف از لیست اصلی'!P:P,0)) -> 9900150013 | I186: =INDEX(' کالای خواب حذف از لیست اصلی'!D:D,MATCH(P186,' کالای خواب حذف از لیست اصلی'!P:P,0)) -> لحاف یک نفره 215*155 آزالیا / هایپرکلاس | N186: =INDEX(' کالای خواب حذف از لیست اصلی'!F:F,MATCH(P186,' کالای خواب حذف از لیست اصلی'!P:P,0)) -> 146000000 | P186: 60
D187: 3 | E187: =INDEX(' کالای خواب حذف از لیست اصلی'!C:C,MATCH(P187,' کالای خواب حذف از لیست اصلی'!P:P,0)) -> 9900150016 | I187: =INDEX(' کالای خواب حذف از لیست اصلی'!D:D,MATCH(P187,' کالای خواب حذف از لیست اصلی'!P:P,0)) -> لحاف دو نفره 215*195 آزالیا / سافت | N187: =INDEX(' کالای خواب حذف از لیست اصلی'!F:F,MATCH(P187,' کالای خواب حذف از لیست اصلی'!P:P,0)) -> 159000000 | P187: 61
D188: 4 | E188: =INDEX(' کالای خواب حذف از لیست اصلی'!C:C,MATCH(P188,' کالای خواب حذف از لیست اصلی'!P:P,0)) -> 9900150017 | I188: =INDEX(' کالای خواب حذف از لیست اصلی'!D:D,MATCH(P188,' کالای خواب حذف از لیست اصلی'!P:P,0)) -> لحاف دو نفره 215*195 آزالیا / میکرونیدل (90%پر) | N188: =INDEX(' کالای خواب حذف از لیست اصلی'!F:F,MATCH(P188,' کالای خواب حذف از لیست اصلی'!P:P,0)) -> 375000000 | P188: 62
D189: 5 | E189: =INDEX(' کالای خواب حذف از لیست اصلی'!C:C,MATCH(P189,' کالای خواب حذف از لیست اصلی'!P:P,0)) -> 9900150025 | I189: =INDEX(' کالای خواب حذف از لیست اصلی'!D:D,MATCH(P189,' کالای خواب حذف از لیست اصلی'!P:P,0)) -> لحاف یک نفره 215*155 تنسی | N189: =INDEX(' کالای خواب حذف از لیست اصلی'!F:F,MATCH(P189,' کالای خواب حذف از لیست اصلی'!P:P,0)) -> 303000000 | P189: 63
D190: 6 | E190: =INDEX(' کالای خواب حذف از لیست اصلی'!C:C,MATCH(P190,' کالای خواب حذف از لیست اصلی'!P:P,0)) -> 9900150026 | I190: =INDEX(' کالای خواب حذف از لیست اصلی'!D:D,MATCH(P190,' کالای خواب حذف از لیست اصلی'!P:P,0)) -> لحاف دو نفره 215*195 تنسی | N190: =INDEX(' کالای خواب حذف از لیست اصلی'!F:F,MATCH(P190,' کالای خواب حذف از لیست اصلی'!P:P,0)) -> 348000000 | P190: 64
D191: 7 | E191: =INDEX(' کالای خواب حذف از لیست اصلی'!C:C,MATCH(P191,' کالای خواب حذف از لیست اصلی'!P:P,0)) -> 9900150027 | I191: =INDEX(' کالای خواب حذف از لیست اصلی'!D:D,MATCH(P191,' کالای خواب حذف از لیست اصلی'!P:P,0)) -> لحاف دو نفره 215*235 تنسی | N191: =INDEX(' کالای خواب حذف از لیست اصلی'!F:F,MATCH(P191,' کالای خواب حذف از لیست اصلی'!P:P,0)) -> 359000000 | P191: 65
O195: 6
E198: پتو | N198: =$S$1 -> 1405/02/01
D199: ردیف | E199: کد کالا | I199: شرح | N199: قیمت (ریال)
D201: 1 | E201: =INDEX(' کالای خواب حذف از لیست اصلی'!C:C,MATCH(P201,' کالای خواب حذف از لیست اصلی'!P:P,0)) -> 9900160010 | I201: =INDEX(' کالای خواب حذف از لیست اصلی'!D:D,MATCH(P201,' کالای خواب حذف از لیست اصلی'!P:P,0)) -> پتو دو نفره رینبو سبز روشن | N201: =INDEX(' کالای خواب حذف از لیست اصلی'!F:F,MATCH(P201,' کالای خواب حذف از لیست اصلی'!P:P,0)) -> 110000000 | P201: 66
D202: 2 | E202: =INDEX(' کالای خواب حذف از لیست اصلی'!C:C,MATCH(P202,' کالای خواب حذف از لیست اصلی'!P:P,0)) -> 9900160011 | I202: =INDEX(' کالای خواب حذف از لیست اصلی'!D:D,MATCH(P202,' کالای خواب حذف از لیست اصلی'!P:P,0)) -> پتو دو نفره رینبو آبی | N202: =INDEX(' کالای خواب حذف از لیست اصلی'!F:F,MATCH(P202,' کالای خواب حذف از لیست اصلی'!P:P,0)) -> 110000000 | P202: 67
D203: 3 | E203: =INDEX(' کالای خواب حذف از لیست اصلی'!C:C,MATCH(P203,' کالای خواب حذف از لیست اصلی'!P:P,0)) -> 9900160012 | I203: =INDEX(' کالای خواب حذف از لیست اصلی'!D:D,MATCH(P203,' کالای خواب حذف از لیست اصلی'!P:P,0)) -> پتو دو نفره رینبو بژ | N203: =INDEX(' کالای خواب حذف از لیست اصلی'!F:F,MATCH(P203,' کالای خواب حذف از لیست اصلی'!P:P,0)) -> 110000000 | P203: 68
D204: 4 | E204: =INDEX(' کالای خواب حذف از لیست اصلی'!C:C,MATCH(P204,' کالای خواب حذف از لیست اصلی'!P:P,0)) -> 9900160013 | I204: =INDEX(' کالای خواب حذف از لیست اصلی'!D:D,MATCH(P204,' کالای خواب حذف از لیست اصلی'!P:P,0)) -> پتو دو نفره رینبو طوسی | N204: =INDEX(' کالای خواب حذف از لیست اصلی'!F:F,MATCH(P204,' کالای خواب حذف از لیست اصلی'!P:P,0)) -> 110000000 | P204: 69
D205: 5 | E205: =INDEX(' کالای خواب حذف از لیست اصلی'!C:C,MATCH(P205,' کالای خواب حذف از لیست اصلی'!P:P,0)) -> 9900160014 | I205: =INDEX(' کالای خواب حذف از لیست اصلی'!D:D,MATCH(P205,' کالای خواب حذف از لیست اصلی'!P:P,0)) -> پتو دو نفره رینبو کرم | N205: =INDEX(' کالای خواب حذف از لیست اصلی'!F:F,MATCH(P205,' کالای خواب حذف از لیست اصلی'!P:P,0)) -> 110000000 | P205: 70
D206: 6 | E206: =INDEX(' کالای خواب حذف از لیست اصلی'!C:C,MATCH(P206,' کالای خواب حذف از لیست اصلی'!P:P,0)) -> 9900160015 | I206: =INDEX(' کالای خواب حذف از لیست اصلی'!D:D,MATCH(P206,' کالای خواب حذف از لیست اصلی'!P:P,0)) -> پتو دو نفره رینبو زرشکی | N206: =INDEX(' کالای خواب حذف از لیست اصلی'!F:F,MATCH(P206,' کالای خواب حذف از لیست اصلی'!P:P,0)) -> 110000000 | P206: 71
D207: 7 | E207: =INDEX(' کالای خواب حذف از لیست اصلی'!C:C,MATCH(P207,' کالای خواب حذف از لیست اصلی'!P:P,0)) -> 9900160016 | I207: =INDEX(' کالای خواب حذف از لیست اصلی'!D:D,MATCH(P207,' کالای خواب حذف از لیست اصلی'!P:P,0)) -> پتو دو نفره رینبو صورتی | N207: =INDEX(' کالای خواب حذف از لیست اصلی'!F:F,MATCH(P207,' کالای خواب حذف از لیست اصلی'!P:P,0)) -> 110000000 | P207: 72
D208: 8 | E208: =INDEX(' کالای خواب حذف از لیست اصلی'!C:C,MATCH(P208,' کالای خواب حذف از لیست اصلی'!P:P,0)) -> 9900160017 | I208: =INDEX(' کالای خواب حذف از لیست اصلی'!D:D,MATCH(P208,' کالای خواب حذف از لیست اصلی'!P:P,0)) -> پتو دو نفره رینبو مشکی | N208: =INDEX(' کالای خواب حذف از لیست اصلی'!F:F,MATCH(P208,' کالای خواب حذف از لیست اصلی'!P:P,0)) -> 110000000 | P208: 73
D209: 9 | E209: =INDEX(' کالای خواب حذف از لیست اصلی'!C:C,MATCH(P209,' کالای خواب حذف از لیست اصلی'!P:P,0)) -> 9900160018 | I209: =INDEX(' کالای خواب حذف از لیست اصلی'!D:D,MATCH(P209,' کالای خواب حذف از لیست اصلی'!P:P,0)) -> پتو دو نفره رینبو سبز کله غازی | N209: =INDEX(' کالای خواب حذف از لیست اصلی'!F:F,MATCH(P209,' کالای خواب حذف از لیست اصلی'!P:P,0)) -> 110000000 | P209: 74
D210: 10 | E210: =INDEX(' کالای خواب حذف از لیست اصلی'!C:C,MATCH(P210,' کالای خواب حذف از لیست اصلی'!P:P,0)) -> 9900160019 | I210: =INDEX(' کالای خواب حذف از لیست اصلی'!D:D,MATCH(P210,' کالای خواب حذف از لیست اصلی'!P:P,0)) -> پتو شالی کلاود | N210: =INDEX(' کالای خواب حذف از لیست اصلی'!F:F,MATCH(P210,' کالای خواب حذف از لیست اصلی'!P:P,0)) -> 34000000 | P210: 75
D211: 11 | E211: =INDEX(' کالای خواب حذف از لیست اصلی'!C:C,MATCH(P211,' کالای خواب حذف از لیست اصلی'!P:P,0)) -> 9900160020 | I211: =INDEX(' کالای خواب حذف از لیست اصلی'!D:D,MATCH(P211,' کالای خواب حذف از لیست اصلی'!P:P,0)) -> پتو دو نفره آیوی مشکی (همراه دو روبالشی) | N211: =INDEX(' کالای خواب حذف از لیست اصلی'!F:F,MATCH(P211,' کالای خواب حذف از لیست اصلی'!P:P,0)) -> 83000000 | P211: 76
D212: 12 | E212: =INDEX(' کالای خواب حذف از لیست اصلی'!C:C,MATCH(P212,' کالای خواب حذف از لیست اصلی'!P:P,0)) -> 9900160021 | I212: =INDEX(' کالای خواب حذف از لیست اصلی'!D:D,MATCH(P212,' کالای خواب حذف از لیست اصلی'!P:P,0)) -> پتو دو نفره آیوی طوسی (همراه دو روبالشی) | N212: =INDEX(' کالای خواب حذف از لیست اصلی'!F:F,MATCH(P212,' کالای خواب حذف از لیست اصلی'!P:P,0)) -> 83000000 | P212: 77
... D221: 21 | E221: =INDEX(' کالای خواب حذف از لیست اصلی'!C:C,MATCH(P221,' کالای خواب حذف از لیست اصلی'!P:P,0)) -> 9900160040 | I221: =INDEX(' کالای خواب حذف از لیست اصلی'!D:D,MATCH(P221,' کالای خواب حذف از لیست اصلی'!P:P,0)) -> پتو 220*160 اسکای دو لایه 40 | N221: =INDEX(' کالای خواب حذف از لیست اصلی'!F:F,MATCH(P221,' کالای خواب حذف از لیست اصلی'!P:P,0)) -> 139000000 | P221: 86
...

Sheet حذف از تولید و لیست اصلی
A1: محصولات حذف شده از سری تولید و لیست قیمت | E1: تاریخ:1405/06/14
A2: مبل آکومه (با پارچه)
A3: ردیف | B3: کد کالا | C3: شرح | D3: قیمت (ریال) | E3: قیمت جدید (ریال) | F3: کد مجازی | I3: کد کاتالوگ
A4: 1 | B4: 2110010000 | C4: مبل هفت‌نفره آکومه (یک عدد سه‌نفره + یک عدد دونفره + دو عدد یک‌نفره) | D4: 4831700000 | E4: =E5+E6+E7+E7 -> 5751000000 | I4: 1
A5: =A4+1 -> 2 | B5: 2110010300 | C5: کاناپه سه‌نفره آکومه (4 عدد کوسن) | D5: 1584600000 | E5: =E16+(10*$H$12) -> 1886000000 | F5: =LEFT(B5,8)&"00" -> 2110010300 | I5: 2
A6: =A5+1 -> 3 | B6: 2110010200 | C6: کاناپه دونفره آکومه (4 عدد کوسن) | D6: 1198300000 | E6: =E17+(8*$H$12) -> 1425000000 | F6: =LEFT(B6,8)&"00" -> 2110010200 | I6: 3
A7: =A6+1 -> 4 | B7: 2110010100 | C7: مبل یک‌نفره آکومه (1 عدد کوسن) | D7: 1024400000 | E7: =E18+(6*$H$12) -> 1220000000 | F7: =LEFT(B7,8)&"00" -> 2110010100 | I7: 4
A8: =A7+1 -> 5 | B8: - | C8: متراژ پارچه هفت‌نفره (فریم 16 متر + تشک 8.5 متر + کوسن 5.5 متر) | D8: 30 متر | E8: 30 متر | I8: 5
A9: =A8+1 -> 6 | B9: - | C9: متراژ پارچه سه‌نفره (فریم 5 متر + تشک 3 متر + کوسن 2 متر) | D9: 10 متر | E9: 10 متر | I9: 6
A10: =A9+1 -> 7 | B10: - | C10: متراژ پارچه دونفره (فریم 4.5 متر + تشک 2 متر + کوسن 1.5 متر) | D10: 8 متر | E10: 8 متر | I10: 7
A11: =A10+1 -> 8 | B11: - | C11: متراژ پارچه یک‌نفره (فریم بیرون، داخل و تشک از یک پارچه 5 متر + کوسن 1 متر) | D11: 6 متر | E11: 6 متر | I11: 8
A12: =A11+1 -> 9 | B12: - | C12: متراژ پارچه یک‌نفره (فریم بیرون 2 متر + فریم داخل و تشک 3.5 متر + کوسن 1 متر) | D12: 6.5 متر | E12: 6.5 متر | G12: پارچه | H12: 20000000 | I12: 9
A13: مبل آکومه (بدون پارچه) | G13: نرخ 1 | H13: 0.2
A14: ردیف | B14: کد کالا | C14: شرح کالا | D14: قیمت (ریال) | E14: قیمت جدید (ریال) | F14: کد مجازی | G14: نرخ 2 | H14: 0
A15: 1 | B15: 2110010000 | C15: مبل هفت‌نفره آکومه (یک عدد سه‌نفره + یک عدد دونفره + دو عدد یک‌نفره) | D15: 4291700000 | E15: =E16+E17+E18+E18 -> 5151000000 | I15: 10
A16: =A15+1 -> 2 | B16: 2110010300 | C16: کاناپه سه‌نفره آکومه (4 عدد کوسن) | D16: 1404600000 | E16: =ROUND(((100%+$H$13)*D16)*(100%+$H$14),-6) -> 1686000000 | F16: =LEFT(B16,8)&"00" -> 2110010300 | I16: 11
A17: =A16+1 -> 3 | B17: 2110010200 | C17: کاناپه دونفره آکومه (4 عدد کوسن) | D17: 1054300000 | E17: =ROUND(((100%+$H$13)*D17)*(100%+$H$14),-6) -> 1265000000 | F17: =LEFT(B17,8)&"00" -> 2110010200 | I17: 12
A18: =A17+1 -> 4 | B18: 2110010100 | C18: مبل یک‌نفره آکومه (1 عدد کوسن) | D18: 916400000 | E18: =ROUND(((100%+$H$13)*D18)*(100%+$H$14),-6) -> 1100000000 | F18: =LEFT(B18,8)&"00" -> 2110010100 | I18: 13
A19: =A18+1 -> 5 | B19: - | C19: متراژ پارچه هفت‌نفره (فریم 16 متر + تشک 8.5 متر + کوسن 5.5 متر) | D19: 30 متر | E19: 30 متر | I19: 14
A20: =A19+1 -> 6 | B20: - | C20: متراژ پارچه سه‌نفره (فریم 5 متر + تشک 3 متر + کوسن 2 متر) | D20: 10 متر | E20: 10 متر | I20: 15
A21: =A20+1 -> 7 | B21: - | C21: متراژ پارچه دونفره (فریم 4.5 متر + تشک 2 متر + کوسن 1.5 متر) | D21: 8 متر | E21: 8 متر | I21: 16
A22: =A21+1 -> 8 | B22: - | C22: متراژ پارچه یک‌نفره (فریم بیرون، داخل و تشک از یک پارچه 5 متر + کوسن 1 متر) | D22: 6 متر | E22: 6 متر | I22: 17
A23: =A22+1 -> 9 | B23: - | C23: متراژ پارچه یک‌نفره (فریم بیرون 2 متر + فریم داخل و تشک 3.5 متر + کوسن 1 متر) | D23: 6.5 متر | E23: 6.5 متر | I23: 18
A24: مبلمان (با پارچه)
A25: ردیف | B25: کد کالا | C25: شرح | D25: قیمت (ریال) | E25: قیمت جدید (ریال) | F25: کد مجازی
A26: 1 | B26: 2160010300 | C26: پاف ساپلی | D26: 389000000 | E26: =E30+(2.5*$H$26) -> 463000000 | F26: =LEFT(B26,8)&"00" -> 2160010300 | G26: پارچه | H26: 20000000 | I26: 19
A27: 2 | B27: - | C27: متراژ پارچه پاف | D27: 2/5متر | E27: 2/5متر | G27: نرخ 1 | H27: 0.2 | I27: 20
A28: مبلمان ( بدون پارچه) | G28: نرخ 2 | H28: 0
A29: ردیف | B29: کد کالا | C29: شرح | D29: قیمت (ریال) | E29: قیمت جدید (ریال) | F29: کد مجازی
A30: 1 | B30: 2160010300 | C30: پاف ساپلی | D30: 344000000 | E30: =ROUND(((100%+$H$27)*D30)*(100%+$H$28),-6) -> 413000000 | F30: =LEFT(B30,8)&"00" -> 2160010300 | I30: 21
A31: 2 | B31: - | C31: متراژ پارچه پاف | D31: 2/5متر | E31: 2/5متر | I31: 22
A32: مبل ساپن (با پارچه)
A33: ردیف | B33: کد کالا | C33: شرح | D33: قیمت (ریال) | E33: قیمت جدید (ریال) | F33: کد مجازی
A34: 1 | B34: 2110030300 | C34: کاناپه سه نفره ساپن ( 5 عددکوسن ) | D34: 951400000 | E34: =E44+(11.5*$H$41) -> 1123000000 | F34: =LEFT(B34,8)&"00" -> 2110030300 | I34: 23
A35: =A34+1 -> 2 | B35: 2110030200 | C35: کاناپه دو نفره ساپن ( 4 عدد کوسن ) | D35: 727400000 | E35: =E45+(9.5*$H$41) -> 858000000 | F35: =LEFT(B35,8)&"00" -> 2110030200 | I35: 24
A36: =A35+1 -> 3 | B36: 2110030100 | C36: مبل یک نفره ساپن ( 1 عدد کوسن ) | D36: 429600000 | E36: =E46+(3.8*$H$41) -> 509000000 | F36: =LEFT(B36,8)&"00" -> 2110030100 | I36: 25
A37: =A36+1 -> 4 | B37: 2110030500 | C37: میز جلو مبلی ساپن | D37: 480000000 | E37: =ROUND(((100%+$H$42)*D37)*(100%+$H$43),-6) -> 576000000 | F37: =LEFT(B37,8)&"00" -> 2110030500 | I37: 26
A38: =A37+1 -> 5 | B38: 2110030600 | C38: میز کنار مبلی ساپن | D38: 366700000 | E38: =ROUND(((100%+$H$42)*D38)*(100%+$H$43),-6) -> 440000000 | F38: =LEFT(B38,8)&"00" -> 2110030600 | I38: 27
A39: =A38+1 -> 6 | C39: متراژ پارچه سه نفره ( فریم 6/5 متر + تشک 3 متر + کوسن 2 متر) | D39: 11/5متر | E39: 11/5متر | I39: 28
A40: =A39+1 -> 7 | C40: متراژ پارچه دو نفره ( فریم 5/5 متر + تشک 2 متر + کوسن 2متر ) | D40: 9/5متر | E40: 9/5متر | I40: 29
A41: =A40+1 -> 8 | C41: متراژ پارچه یک نفره( فریم 2/5 متر + کف 8/. متر + کوسن 5/. متر ) | D41: 3/8متر | E41: 3/8متر | G41: پارچه | H41: 20000000 | I41: 30
A42: مبل ساپن (بدون پارچه) | G42: نرخ 1 | H42: 0.2
A43: ردیف | B43: کد کالا | C43: شرح | D43: قیمت (ریال) | E43: قیمت جدید (ریال) | F43: کد مجازی | G43: نرخ 2 | H43: 0
A44: 1 | B44: 2110030300 | C44: کاناپه سه نفره ساپن ( 5 عددکوسن ) | D44: 744400000 | E44: =ROUND(((100%+$H$42)*D44)*(100%+$H$43),-6) -> 893000000 | F44: =LEFT(B44,8)&"00" -> 2110030300 | I44: 31
A45: =A44+1 -> 2 | B45: 2110030200 | C45: کاناپه دو نفره ساپن ( 4 عدد کوسن ) | D45: 556400000 | E45: =ROUND(((100%+$H$42)*D45)*(100%+$H$43),-6) -> 668000000 | F45: =LEFT(B45,8)&"00" -> 2110030200 | I45: 32
A46: =A45+1 -> 3 | B46: 2110030100 | C46: مبل یک نفره ساپن ( 1 عدد کوسن ) | D46: 361200000 | E46: =ROUND(((100%+$H$42)*D46)*(100%+$H$43),-6) -> 433000000 | F46: =LEFT(B46,8)&"00" -> 2110030100 | I46: 33
A47: =A46+1 -> 4 | B47: 2110030500 | C47: میز جلو مبلی ساپن | D47: 480000000 | E47: =ROUND(((100%+$H$42)*D47)*(100%+$H$43),-6) -> 576000000 | F47: =LEFT(B47,8)&"00" -> 2110030500 | I47: 34
A48: =A47+1 -> 5 | B48: 2110030600 | C48: میز کنار مبلی ساپن | D48: 366700000 | E48: =ROUND(((100%+$H$42)*D48)*(100%+$H$43),-6) -> 440000000 | F48: =LEFT(B48,8)&"00" -> 2110030600 | I48: 35
A49: =A48+1 -> 6 | C49: متراژ پارچه سه نفره ( فریم 6/5 متر + تشک 3 متر + کوسن 2 متر) | D49: 11/5متر | E49: 11/5متر | I49: 36
A50: =A49+1 -> 7 | C50: متراژ پارچه دو نفره ( فریم 5/5 متر + تشک 2 متر + کوسن 2متر ) | D50: 9/5متر | E50: 9/5متر | I50: 37
A51: =A50+1 -> 8 | C51: متراژ پارچه یک نفره( فریم 2/5 متر + کف 8/. متر + کوسن 5/. متر ) | D51: 3/8متر | E51: 3/8متر | I51: 38
A52: مبل سیپو (با پارچه)
A53: ردیف | B53: کد کالا | C53: شرح | D53: قیمت (ریال) | E53: قیمت جدید (ریال) | F53: کد مجازی
A54: 1 | B54: 2110040300 | C54: کاناپه سه نفره سیپو ( 2 عدد کوسن ) | D54: 1197100000 | E54: =E66+(10*$H$63) -> 1421000000 | F54: =LEFT(B54,8)&"00" -> 2110040300 | I54: 39
A55: =A54+1 -> 2 | B55: 2110040200 | C55: کاناپه دو نفره سیپو ( 2عدد کوسن ) | D55: 894400000 | E55: =E67+(9*$H$63) -> 1059000000 | F55: =LEFT(B55,8)&"00" -> 2110040200 | I55: 40
A56: =A55+1 -> 3 | B56: 2110040100 | C56: مبل یک نفره سیپو ( بدون کوسن ) | D56: 606000000 | E56: =E68+(7*$H$63) -> 716000000 | F56: =LEFT(B56,8)&"00" -> 2110040100 | I56: 41
A57: =A56+1 -> 4 | B57: 2110040500 | C57: میز جلو مبلی مستطیل سیپو | D57: 374400000 | E57: =ROUND(((100%+$H$64)*D57)*(100%+$H$65),-6) -> 449000000 | F57: =LEFT(B57,8)&"00" -> 2110040500 | I57: 42
A58: =A57+1 -> 5 | B58: 2110040400 | C58: میز جلو مبلی مربع سیپو | D58: 374400000 | E58: =ROUND(((100%+$H$64)*D58)*(100%+$H$65),-6) -> 449000000 | F58: =LEFT(B58,8)&"00" -> 2110040400 | I58: 43
A59: =A58+1 -> 6 | B59: 2110040600 | C59: میز کنار مبلی سیپو | D59: 265700000 | E59: =ROUND(((100%+$H$64)*D59)*(100%+$H$65),-6) -> 319000000 | F59: =LEFT(B59,8)&"00" -> 2110040600 | I59: 44
A60: =A59+1 -> 7 | B60: - | C60: متراژ پارچه هفت نفره ( فریم 22 متر + تشک 8/5 متر + کوسن 1/5 متر ) | D60: 32متر | E60: 32متر | I60: 45
A61: =A60+1 -> 8 | B61: - | C61: متراژ پارچه سه نفره ( فریم 6 متر + تشک 3/25 متر + کوسن 75/.متر ) | D61: 10متر | E61: 10متر | I61: 46
A62: =A61+1 -> 9 | B62: - | C62: متراژ پارچه دو نفره ( فریم 5/5 متر + تشک 2/75 متر + کوسن 75/.متر ) | D62: 9متر | E62: 9متر | I62: 47
A63: =A62+1 -> 10 | B63: - | C63: متراژ پارچه یک نفره ( فریم 5 متر + تشک 2 متر ) | D63: 7متر | E63: 7متر | G63: پارچه | H63: 20000000 | I63: 48
A64: مبل سیپو (بدون پارچه) | G64: نرخ 1 | H64: 0.2
A65: ردیف | B65: کد کالا | C65: شرح | D65: قیمت (ریال) | E65: قیمت جدید (ریال) | F65: کد مجازی | G65: نرخ 2 | H65: 0
A66: 1 | B66: 2110040300 | C66: کاناپه سه نفره سیپو ( 2 عدد کوسن ) | D66: 1017100000 | E66: =ROUND(((100%+$H$64)*D66)*(100%+$H$65),-6) -> 1221000000 | F66: =LEFT(B66,8)&"00" -> 2110040300 | I66: 49
A67: =A66+1 -> 2 | B67: 2110040200 | C67: کاناپه دو نفره سیپو ( 2عدد کوسن ) | D67: 732400000 | E67: =ROUND(((100%+$H$64)*D67)*(100%+$H$65),-6) -> 879000000 | F67: =LEFT(B67,8)&"00" -> 2110040200 | I67: 50
A68: =A67+1 -> 3 | B68: 2110040100 | C68: مبل یک نفره سیپو ( بدون کوسن ) | D68: 480000000 | E68: =ROUND(((100%+$H$64)*D68)*(100%+$H$65),-6) -> 576000000 | F68: =LEFT(B68,8)&"00" -> 2110040100 | I68: 51
A69: =A68+1 -> 4 | B69: 2110040500 | C69: میز جلو مبلی مستطیل سیپو | D69: 374400000 | E69: =ROUND(((100%+$H$64)*D69)*(100%+$H$65),-6) -> 449000000 | F69: =LEFT(B69,8)&"00" -> 2110040500 | I69: 52
A70: =A69+1 -> 5 | B70: 2110040400 | C70: میز جلو مبلی مربع سیپو | D70: 374400000 | E70: =ROUND(((100%+$H$64)*D70)*(100%+$H$65),-6) -> 449000000 | F70: =LEFT(B70,8)&"00" -> 2110040400 | I70: 53
A71: =A70+1 -> 6 | B71: 2110040600 | C71: میز کنار مبلی سیپو | D71: 265700000 | E71: =ROUND(((100%+$H$64)*D71)*(100%+$H$65),-6) -> 319000000 | F71: =LEFT(B71,8)&"00" -> 2110040600 | I71: 54
A72: =A71+1 -> 7 | B72: - | C72: متراژ پارچه هفت نفره ( فریم 22 متر + تشک 8/5 متر + کوسن 1/5 متر ) | D72: 32متر | E72: 32متر | I72: 55
A73: =A72+1 -> 8 | B73: - | C73: متراژ پارچه سه نفره ( فریم 6 متر + تشک 3/25 متر + کوسن 75/.متر ) | D73: 10متر | E73: 10متر | I73: 56
A74: =A73+1 -> 9 | B74: - | C74: متراژ پارچه دو نفره ( فریم 5/5 متر + تشک 2/75 متر + کوسن 75/.متر ) | D74: 9متر | E74: 9متر | I74: 57
A75: =A74+1 -> 10 | B75: - | C75: متراژ پارچه یک نفره ( فریم 5 متر + تشک 2 متر ) | D75: 7متر | E75: 7متر | I75: 58
A76: مبل کاتیوو (با پارچه)
A77: ردیف | B77: کد کالا | C77: شرح | D77: قیمت (ریال) | E77: قیمت جدید (ریال) | F77: کد مجازی
A78: 1 | B78: 2110050300 | C78: کاناپه سه نفره کاتیوو ( 5 عدد کوسن ) | D78: 2220200000 | E78: =E87+(15*$H$84) -> 2640000000 | F78: =LEFT(B78,8)&"00" -> 2110050300 | G78: =E78+E79+E80+E80 -> 6342000000 | I78: 59
A79: =A78+1 -> 2 | B79: 2110050200 | C79: کاناپه دو نفره کاتیوو ( 4 عدد کوسن ) | D79: 1765000000 | E79: =E88+(11.5*$H$84) -> 2100000000 | F79: =LEFT(B79,8)&"00" -> 2110050200 | I79: 60
A80: =A79+1 -> 3 | B80: 2110050100 | C80: مبل یک نفره کاتیوو (1 عدد کوسن ) | D80: 674200000 | E80: =E89+(5*$H$84) -> 801000000 | F80: =LEFT(B80,8)&"00" -> 2110050100 | I80: 61
B81: 2110050500 | C81: میز جلومبلی بیضی کاتیوو | D81: 658200000 | E81: =ROUND(((100%+$H$85)*D81)*(100%+$H$86),-6) -> 790000000 | I81: 62
A82: =A80+1 -> 4 | B82: - | C82: متراژ پارچه سه نفره ( فریم و کف 12/5متر + کوسن 2/5 متر ) | D82: 15متر | E82: 15متر | I82: 63
A83: =A82+1 -> 5 | B83: - | C83: متراژ پارچه دو نفره ( فریم و کف 9/5 متر + کوسن 2 متر ) | D83: 11/5متر | E83: 11/5متر | I83: 64
A84: =A83+1 -> 6 | B84: - | C84: متراژ پارچه یک نفره ( فریم و کف 4 متر + کوسن 1 متر ) | D84: 5متر | E84: 5متر | G84: پارچه | H84: 20000000 | I84: 65
A85: مبل کاتیوو (بدون پارچه) | G85: نرخ 1 | H85: 0.2
A86: ردیف | B86: کد کالا | C86: شرح | D86: قیمت (ریال) | E86: قیمت جدید (ریال) | F86: کد مجازی | G86: نرخ 2 | H86: 0
A87: 1 | B87: 2110050300 | C87: کاناپه سه نفره کاتیوو ( 5 عدد کوسن ) | D87: 1950200000 | E87: =ROUND(((100%+$H$85)*D87)*(100%+$H$86),-6) -> 2340000000 | F87: =LEFT(B87,8)&"00" -> 2110050300 | I87: 66
A88: 2 | B88: 2110050200 | C88: کاناپه دو نفره کاتیوو ( 4 عدد کوسن ) | D88: 1558000000 | E88: =ROUND(((100%+$H$85)*D88)*(100%+$H$86),-6) -> 1870000000 | F88: =LEFT(B88,8)&"00" -> 2110050200 | I88: 67
A89: =A88+1 -> 3 | B89: 2110050100 | C89: مبل یک نفره کاتیوو (1 عدد کوسن ) | D89: 584200000 | E89: =ROUND(((100%+$H$85)*D89)*(100%+$H$86),-6) -> 701000000 | F89: =LEFT(B89,8)&"00" -> 2110050100 | I89: 68
B90: 2110050500 | C90: میز جلومبلی بیضی کاتیوو | D90: 658200000 | E90: =ROUND(((100%+$H$85)*D90)*(100%+$H$86),-6) -> 790000000 | I90: 69
A91: =A89+1 -> 4 | B91: - | C91: متراژ پارچه سه نفره ( فریم و کف 12/5متر + کوسن 2/5 متر ) | D91: 15متر | E91: 15متر | I91: 70
A92: =A91+1 -> 5 | B92: - | C92: متراژ پارچه دو نفره ( فریم و کف 9/5 متر + کوسن 2 متر ) | D92: 11/5متر | E92: 11/5متر | I92: 71
A93: =A92+1 -> 6 | B93: - | C93: متراژ پارچه یک نفره ( فریم و کف 4 متر + کوسن 1 متر ) | D93: 5متر | E93: 5متر | I93: 72
A94: مبل چستر (با پارچه)
A95: ردیف | B95: کد کالا | C95: شرح | D95: 1403/12/20 | E95: قیمت جدید (ریال) | F95: کد مجازی
A96: 1 | B96: 2110060300 | C96: کاناپه سه نفره چستر ( 2عدد کوسن ) | D96: 2831400000 | E96: =E104+(15*$H$101) -> 3488000000 | F96: =LEFT(B96,8)&"00" -> 2110060300 | I96: 73
A97: 2 | B97: 2110060200 | C97: کاناپه دو نفره چستر ( 2 عدد کوسن ) | D97: 2102300000 | E97: =E105+(11*$H$101) -> 2589000000 | F97: =LEFT(B97,8)&"00" -> 2110060200 | I97: 74
A98: =A97+1 -> 3 | B98: 2110060700 | C98: مبل یک نفره چستر پشت کوتاه (بدون کوسن) | D98: 1625300000 | E98: =E106+(8*$H$101) -> 1998000000 | F98: =LEFT(B98,8)&"00" -> 2110060700 | I98: 75
A99: =A98+1 -> 4 | B99: - | C99: متراژ پارچه سه نفره (فریم 10 متر + تشک 4 متر + کوسن 1 متر ) | D99: 15متر | E99: 15متر | I99: 76
A100: =A99+1 -> 5 | B100: - | C100: متراژ پارچه دو نفره ( فریم 7 متر + تشک 3 متر + کوسن 1 متر ) | D100: 11متر | E100: 11متر | I100: 77
...

Sheet اکسسوری حذف از لیست اصلی
A1: لیست قیمت اکسسوری اردیبهشت ماه 1405
A3: ردیف | B3: دسته بندی | C3: کد کالا | D3: شرح کالا | E3: طول (سانتی متر) | F3: عرض (سانتی متر) | G3: ارتفاع (سانتی متر) | H3: وزن (کیلوگرم) | I3: قیمت (ریال) | J3: قیمت جدید
A4: 1 | B4: آباژور رومیزی | C4: 9901010001 | D4: آباژور رومیزی چوبی طوسی TL-W001 | E4: 43 | F4: 43 | G4: 69 | I4: 103700000 | J4: =ROUND(((100%+$M$7)*Table30[[#This Row],[قیمت (ریال)]])*(100%+$M$8),-6) -> 124000000 | T4: 1
A5: 2 | B5: آباژور رومیزی | C5: 9901010002 | D5: آباژور رومیزی چوبی مشکی طلایی TL-W002 | E5: 43 | F5: 43 | G5: 70 | I5: 103700000 | J5: =ROUND(((100%+$M$7)*Table30[[#This Row],[قیمت (ریال)]])*(100%+$M$8),-6) -> 124000000 | T5: 2
A6: 3 | B6: آباژور رومیزی | C6: 9901010003 | D6: آباژور رومیزی چوبی مشکیTL-W003 | E6: 43 | F6: 43 | G6: 69 | I6: 103700000 | J6: =ROUND(((100%+$M$7)*Table30[[#This Row],[قیمت (ریال)]])*(100%+$M$8),-6) -> 124000000 | T6: 3
A7: 4 | B7: آباژور رومیزی | C7: 9901010004 | D7: آباژور رومیزی چوبی کرم TL-W004 | E7: 43 | F7: 43 | G7: 69 | I7: 103700000 | J7: =ROUND(((100%+$M$7)*Table30[[#This Row],[قیمت (ریال)]])*(100%+$M$8),-6) -> 124000000 | L7: درصد افزایش 1 | M7: 0.2 | T7: 4
A8: 5 | B8: آباژور رومیزی | C8: 9901010005 | D8: آباژور رومیزی چوبی طوسی TL-W005 | E8: 43 | F8: 43 | G8: 64 | I8: 103700000 | J8: =ROUND(((100%+$M$7)*Table30[[#This Row],[قیمت (ریال)]])*(100%+$M$8),-6) -> 124000000 | L8: درصد افزایش 2 | M8: 0 | T8: 5
A9: 6 | B9: آباژور رومیزی | C9: 9901010006 | D9: آباژور رومیزی چوبی قهوه ای TL-W006 | E9: 43 | F9: 43 | G9: 64 | I9: 103700000 | J9: =ROUND(((100%+$M$7)*Table30[[#This Row],[قیمت (ریال)]])*(100%+$M$8),-6) -> 124000000 | T9: 6
A10: 7 | B10: آباژور رومیزی | C10: 9901010007 | D10: آباژور رومیزی چوبی مشکی TL-W007 | E10: 43 | F10: 43 | G10: 69 | I10: 103700000 | J10: =ROUND(((100%+$M$7)*Table30[[#This Row],[قیمت (ریال)]])*(100%+$M$8),-6) -> 124000000 | T10: 7
A11: 8 | B11: آباژور رومیزی | C11: 9901010008 | D11: آباژور رومیزی چوبی سفید TL-W008 | E11: 43 | F11: 43 | G11: 69 | I11: 103700000 | J11: =ROUND(((100%+$M$7)*Table30[[#This Row],[قیمت (ریال)]])*(100%+$M$8),-6) -> 124000000 | T11: 8
A12: 9 | B12: آباژور رومیزی | C12: 9901010009 | D12: آباژور رومیزی چوبی مشکی TL-W009 | E12: 43 | F12: 43 | G12: 65 | I12: 103700000 | J12: =ROUND(((100%+$M$7)*Table30[[#This Row],[قیمت (ریال)]])*(100%+$M$8),-6) -> 124000000 | T12: 9
A13: 10 | B13: آباژور رومیزی | C13: 9901010010 | D13: آباژور رومیزی سنگی TL-S010 | E13: 22 | F13: 22 | G13: 63 | I13: 82600000 | J13: =ROUND(((100%+$M$7)*Table30[[#This Row],[قیمت (ریال)]])*(100%+$M$8),-6) -> 99000000 | T13: 10
A14: 11 | B14: آباژور رومیزی | C14: 9901010011 | D14: آباژور رومیزی چوبی کرم طلایی TL-W011 | E14: 35 | F14: 35 | G14: 64 | I14: 103700000 | J14: =ROUND(((100%+$M$7)*Table30[[#This Row],[قیمت (ریال)]])*(100%+$M$8),-6) -> 124000000 | T14: 11
A15: 12 | B15: آباژور رومیزی | C15: 9901010012 | D15: آباژور رومیزی چوبی مارون TL-W012 | E15: 43 | F15: 43 | G15: 70 | I15: 103700000 | J15: =ROUND(((100%+$M$7)*Table30[[#This Row],[قیمت (ریال)]])*(100%+$M$8),-6) -> 124000000 | T15: 12
A16: 13 | B16: آباژور رومیزی | C16: 9901010013 | D16: آباژور رومیزی چوبی گردوییTL-W013 | E16: 43 | F16: 43 | G16: 70 | I16: 103700000 | J16: =ROUND(((100%+$M$7)*Table30[[#This Row],[قیمت (ریال)]])*(100%+$M$8),-6) -> 124000000 | T16: 13
A17: 14 | B17: آباژور رومیزی | C17: 9901010014 | D17: آباژور رومیزی شیشه ای مشکی TL-G014 | E17: 35 | F17: 35 | G17: 46 | I17: 108000000 | J17: =ROUND(((100%+$M$7)*Table30[[#This Row],[قیمت (ریال)]])*(100%+$M$8),-6) -> 130000000 | T17: 14
A18: 15 | B18: آباژور رومیزی | C18: 9901010015 | D18: آباژور رومیزی شیشه ای مشکی TL-G015 | E18: 35 | F18: 35 | G18: 54 | I18: 108000000 | J18: =ROUND(((100%+$M$7)*Table30[[#This Row],[قیمت (ریال)]])*(100%+$M$8),-6) -> 130000000 | T18: 15
A19: 16 | B19: آباژور رومیزی | C19: 9901010016 | D19: آباژور رومیزی سنگی سفید TL-S016 | E19: 35*35 | I19: 135800000 | J19: =ROUND(((100%+$M$7)*Table30[[#This Row],[قیمت (ریال)]])*(100%+$M$8),-6) -> 163000000 | T19: 16
A20: 17 | B20: آباژور رومیزی | C20: 9901010018 | D20: آباژور رومیزی سرامیکی کرم TL-CR018 | E20: 30*30 | I20: 94300000 | J20: =ROUND(((100%+$M$7)*Table30[[#This Row],[قیمت (ریال)]])*(100%+$M$8),-6) -> 113000000 | T20: 17
A21: 18 | B21: آباژور رومیزی | C21: 9901010019 | D21: آباژور رومیزی سرامیکی کرم TL-CR019 | E21: 30 | F21: 30 | G21: 59 | I21: 72000000 | J21: =ROUND(((100%+$M$7)*Table30[[#This Row],[قیمت (ریال)]])*(100%+$M$8),-6) -> 86000000 | T21: 18
A22: 19 | B22: آباژور رومیزی | C22: 9901010020 | D22: آباژور رومیزی استیل طلایی TL-ST020 | E22: 35 | F22: 35 | G22: 65 | I22: 114000000 | J22: =ROUND(((100%+$M$7)*Table30[[#This Row],[قیمت (ریال)]])*(100%+$M$8),-6) -> 137000000 | T22: 19
A23: 20 | B23: آباژور رومیزی | C23: 9901010021 | D23: آباژور رومیزی استیل نقره ای TL-ST021 | E23: 45 | F23: 45 | G23: 85 | I23: 82600000 | J23: =ROUND(((100%+$M$7)*Table30[[#This Row],[قیمت (ریال)]])*(100%+$M$8),-6) -> 99000000 | T23: 20
A24: 21 | B24: آباژور رومیزی | C24: 9901010022 | D24: آباژور رومیزی سفالی کرم TL-C022 | E24: 45 | F24: 45 | G24: 55 | I24: 137600000 | J24: =ROUND(((100%+$M$7)*Table30[[#This Row],[قیمت (ریال)]])*(100%+$M$8),-6) -> 165000000 | T24: 21
A25: 22 | B25: آباژور رومیزی | C25: 9901010023 | D25: آباژور رومیزی سفالی خاکی TL-C023 | E25: 45 | F25: 45 | G25: 50 | I25: 137600000 | J25: =ROUND(((100%+$M$7)*Table30[[#This Row],[قیمت (ریال)]])*(100%+$M$8),-6) -> 165000000 | T25: 22
A26: 23 | B26: آباژور رومیزی | C26: 9901010024 | D26: آباژور رومیزی سفالی فیلی TL-C024 | E26: 45 | F26: 45 | G26: 48 | I26: 105200000 | J26: =ROUND(((100%+$M$7)*Table30[[#This Row],[قیمت (ریال)]])*(100%+$M$8),-6) -> 126000000 | T26: 23
A27: 24 | B27: آباژور رومیزی | C27: 9901010025 | D27: آباژور رومیزی سفالی طوسی TL-C025 | E27: 45 | F27: 45 | G27: 48 | I27: 105200000 | J27: =ROUND(((100%+$M$7)*Table30[[#This Row],[قیمت (ریال)]])*(100%+$M$8),-6) -> 126000000 | T27: 24
A28: 25 | B28: آباژور رومیزی | C28: 9901010026 | D28: آباژور رومیزی سفالی قهوه ای TL-C026 | E28: 45 | F28: 45 | G28: 52 | I28: 105200000 | J28: =ROUND(((100%+$M$7)*Table30[[#This Row],[قیمت (ریال)]])*(100%+$M$8),-6) -> 126000000 | T28: 25
A29: 26 | B29: آباژور رومیزی | C29: 9901010027 | D29: آباژور رومیزی سرامیکی آبی TL-C027 | E29: - | F29: - | G29: - | I29: 72000000 | J29: =ROUND(((100%+$M$7)*Table30[[#This Row],[قیمت (ریال)]])*(100%+$M$8),-6) -> 86000000 | T29: 26
A30: 27 | B30: آباژور رومیزی | C30: 9901010029 | D30: آباژور رومیزی سرامیکی آبی TL-CR029 | E30: 22 | F30: 22 | G30: 59 | I30: 72000000 | J30: =ROUND(((100%+$M$7)*Table30[[#This Row],[قیمت (ریال)]])*(100%+$M$8),-6) -> 86000000 | T30: 27
A31: 28 | B31: آباژور رومیزی | C31: 9901010030 | D31: آباژور رومیزی سنگی مشکی TL-S030 | E31: 35 | F31: 35 | G31: 39 | I31: 102900000 | J31: =ROUND(((100%+$M$7)*Table30[[#This Row],[قیمت (ریال)]])*(100%+$M$8),-6) -> 123000000 | T31: 28
A32: 29 | B32: آباژور رومیزی | C32: 9901010031 | D32: آباژور رومیزی استیل نقره ای TL-ST031 | E32: 42 | F32: 26 | G32: 67 | I32: 82600000 | J32: =ROUND(((100%+$M$7)*Table30[[#This Row],[قیمت (ریال)]])*(100%+$M$8),-6) -> 99000000 | T32: 29
A33: 30 | B33: آباژور رومیزی | C33: 9901010032 | D33: آباژور رومیزی استیل طلاییTL-ST032 | E33: 40 | F33: 40 | G33: 75 | I33: 144000000 | J33: =ROUND(((100%+$M$7)*Table30[[#This Row],[قیمت (ریال)]])*(100%+$M$8),-6) -> 173000000 | T33: 30
A34: 31 | B34: آباژور رومیزی | C34: 9901010075 | D34: آباژور رومیزی چوبی خودرنگ TL-W075 | E34: 30 | F34: 20 | G34: 60 | I34: 118700000 | J34: =ROUND(((100%+$M$7)*Table30[[#This Row],[قیمت (ریال)]])*(100%+$M$8),-6) -> 142000000 | T34: 31
A35: 32 | B35: آباژور رومیزی | C35: 9901010076 | D35: آباژور رومیزی چوبی خودرنگ TL-W076 | E35: 35 | F35: 15 | G35: 52 | I35: 118700000 | J35: =ROUND(((100%+$M$7)*Table30[[#This Row],[قیمت (ریال)]])*(100%+$M$8),-6) -> 142000000 | T35: 32
A36: 33 | B36: آباژور رومیزی | C36: 9901010077 | D36: آباژور رومیزی چوبی خودرنگ TL-W077 | E36: 35 | F36: 20 | G36: 59 | I36: 135200000 | J36: =ROUND(((100%+$M$7)*Table30[[#This Row],[قیمت (ریال)]])*(100%+$M$8),-6) -> 162000000 | T36: 33
A37: 34 | B37: آباژور رومیزی | C37: 9901010084 | D37: آباژور رومیزی چوبی خودرنگ TL-W084 | E37: 30 | F37: 20 | G37: 60 | I37: 117800000 | J37: =ROUND(((100%+$M$7)*Table30[[#This Row],[قیمت (ریال)]])*(100%+$M$8),-6) -> 141000000 | T37: 34
A38: 35 | B38: آباژور رومیزی | C38: 9901010085 | D38: آباژور رومیزی چوبی خودرنگ TL-W085 | E38: 35 | F38: 15 | G38: 52 | I38: 117800000 | J38: =ROUND(((100%+$M$7)*Table30[[#This Row],[قیمت (ریال)]])*(100%+$M$8),-6) -> 141000000 | T38: 35
A39: 36 | B39: آباژور رومیزی | C39: 9901010086 | D39: آباژور رومیزی چوبی خودرنگ TL-W086 | E39: 35 | F39: 20 | G39: 59 | I39: 135200000 | J39: =ROUND(((100%+$M$7)*Table30[[#This Row],[قیمت (ریال)]])*(100%+$M$8),-6) -> 162000000 | T39: 36
A40: 37 | B40: آباژور رومیزی | C40: 9901010087 | D40: آباژور رومیزی چوبی خودرنگ TL-W087 | E40: 30 | F40: 20 | G40: 60 | I40: 117200000 | J40: =ROUND(((100%+$M$7)*Table30[[#This Row],[قیمت (ریال)]])*(100%+$M$8),-6) -> 141000000 | T40: 37
A41: 38 | B41: آباژور رومیزی | C41: 9901010088 | D41: آباژور رومیزی چوبی خودرنگ TL-W088 | E41: 35 | F41: 15 | G41: 52 | I41: 117200000 | J41: =ROUND(((100%+$M$7)*Table30[[#This Row],[قیمت (ریال)]])*(100%+$M$8),-6) -> 141000000 | T41: 38
... A60: 57 | B60: آباژور رومیزی | C60: 9901010142 | D60: آباژور رومیزی سفالی طوسی TL-C142 | E60: 30 | F60: 30 | G60: 53 | I60: 112600000 | J60: =ROUND(((100%+$M$7)*Table30[[#This Row],[قیمت (ریال)]])*(100%+$M$8),-6) -> 135000000 | T60: 57
A61: 58 | B61: آباژور رومیزی | C61: 9901010151 | D61: آباژور رومیزی فلزی مشکی TL-M151 | E61: - | F61: - | G61: - | I61: 258300000 | J61: =ROUND(((100%+$M$7)*Table30[[#This Row],[قیمت (ریال)]])*(100%+$M$8),-6) -> 310000000 | T61: 58
A62: 59 | B62: آباژور رومیزی | C62: 9901010169 | D62: آباژور رومیزی سفالی TL-C169 | E62: 40 | F62: 40 | G62: 52 | I62: 137600000 | J62: =ROUND(((100%+$M$7)*Table30[[#This Row],[قیمت (ریال)]])*(100%+$M$8),-6) -> 165000000 | T62: 59
A63: 60 | B63: آباژور رومیزی | C63: 9901010176 | D63: آباژور رومیزی سفالی نسکافه ای TL-C176 | E63: - | F63: - | G63: - | I63: 93000000 | J63: =ROUND(((100%+$M$7)*Table30[[#This Row],[قیمت (ریال)]])*(100%+$M$8),-6) -> 112000000 | T63: 60
A64: 61 | B64: آباژور رومیزی | C64: 9901010177 | D64: آباژور رومیزی سنگ سفید TL-S177 | E64: - | F64: - | G64: - | I64: 93000000 | J64: =ROUND(((100%+$M$7)*Table30[[#This Row],[قیمت (ریال)]])*(100%+$M$8),-6) -> 112000000 | T64: 61
A65: 62 | B65: آباژور رومیزی | C65: 9901010187 | D65: آباژور رومیزی سفال سفید TL-C187 | E65: - | F65: - | G65: - | I65: 105200000 | J65: =ROUND(((100%+$M$7)*Table30[[#This Row],[قیمت (ریال)]])*(100%+$M$8),-6) -> 126000000 | T65: 62
A66: 63 | B66: آباژور رومیزی | C66: 9901010191 | D66: آباژور رومیزی عصایی سنگ مشکی TL-S191 | E66: - | I66: 177000000 | J66: =ROUND(((100%+$M$7)*Table30[[#This Row],[قیمت (ریال)]])*(100%+$M$8),-6) -> 212000000 | T66: 63
A67: 64 | B67: آباژور رومیزی | C67: 9901010193 | D67: آباژور رومیزی سنگ مشکیTL-S193 | I67: 135200000 | J67: =ROUND(((100%+$M$7)*Table30[[#This Row],[قیمت (ریال)]])*(100%+$M$8),-6) -> 162000000 | T67: 64
A68: 65 | B68: آباژور رومیزی | C68: 9901010196 | D68: آباژور رومیزی چوبی TL-W196 | E68: - | F68: - | G68: - | I68: 295000000 | J68: =ROUND(((100%+$M$7)*Table30[[#This Row],[قیمت (ریال)]])*(100%+$M$8),-6) -> 354000000 | T68: 65
A69: 66 | B69: آباژور رومیزی | C69: 9901010198 | D69: آباژور رومیزی سنگی مشکی استوانه TL-S198 | E69: - | F69: - | G69: - | I69: 141600000 | J69: =ROUND(((100%+$M$7)*Table30[[#This Row],[قیمت (ریال)]])*(100%+$M$8),-6) -> 170000000 | T69: 66
A70: 67 | B70: آباژور رومیزی | C70: 9901010200 | D70: آباژور رومیزی فلز خم طلایی TL-M200 | E70: - | F70: - | G70: - | I70: 112600000 | J70: =ROUND(((100%+$M$7)*Table30[[#This Row],[قیمت (ریال)]])*(100%+$M$8),-6) -> 135000000 | T70: 67
A71: 68 | B71: آباژور رومیزی | C71: 9901010201 | D71: آباژور رومیزی فلز/چوب طلایی TL-M/W201 | I71: 108000000 | J71: =ROUND(((100%+$M$7)*Table30[[#This Row],[قیمت (ریال)]])*(100%+$M$8),-6) -> 130000000 | T71: 68
A72: 69 | B72: آباژور رومیزی | C72: 9901010210 | D72: آباژور رومیزی سفالی کرم خاکیTL-C210 | I72: 105200000 | J72: =ROUND(((100%+$M$7)*Table30[[#This Row],[قیمت (ریال)]])*(100%+$M$8),-6) -> 126000000 | T72: 69
L88: درصد افزایش 1 | M88: 0.2
A89: ردیف | B89: دسته بندی | C89: کد کالا | D89: شرح کالا | E89: طول (سانتی متر) | F89: عرض (سانتی متر) | G89: ارتفاع (سانتی متر) | H89: وزن (کیلوگرم) | I89: قیمت (ریال) | J89: قیمت جدید | L89: درصد افزایش 2 | M89: 0
A90: 1 | B90: آباژور ایستاده | C90: 9901010068 | D90: آباژور ایستاده چوبی FL-W068 | E90: 65 | F90: 22 | G90: 165 | I90: 247800000 | J90: =ROUND(((100%+$M$88)*Table3331[[#This Row],[قیمت (ریال)]])*(100%+$M$89),-6) -> 297000000 | T90: 70
A91: 2 | B91: آباژور ایستاده | C91: 9901010069 | D91: آباژور ایستاده چوبی FL-W069 | E91: 21 | F91: 14 | G91: 160 | I91: 298800000 | J91: =ROUND(((100%+$M$88)*Table3331[[#This Row],[قیمت (ریال)]])*(100%+$M$89),-6) -> 359000000 | T91: 71
A92: 3 | B92: آباژور ایستاده | C92: 9901010070 | D92: آباژور ایستاده چوبی FL-W070 | E92: 18.5 | F92: 12 | G92: 78 | I92: 247800000 | J92: =ROUND(((100%+$M$88)*Table3331[[#This Row],[قیمت (ریال)]])*(100%+$M$89),-6) -> 297000000 | T92: 72
A93: 4 | B93: آباژور ایستاده | C93: 9901010117 | D93: آباژور ایستاده فلزی طلاییFL-M117 | E93: 46 | F93: 15 | G93: 150 | I93: 460000000 | J93: =ROUND(((100%+$M$88)*Table3331[[#This Row],[قیمت (ریال)]])*(100%+$M$89),-6) -> 552000000 | T93: 73
A94: 5 | B94: آباژور ایستاده | C94: 9901010140 | D94: آباژور ایستاده چوبی کرم FL-W140 | E94: 46 | F94: 46 | G94: 122 | I94: 277900000 | J94: =ROUND(((100%+$M$88)*Table3331[[#This Row],[قیمت (ریال)]])*(100%+$M$89),-6) -> 333000000 | T94: 74
A95: 6 | B95: آباژور ایستاده | C95: 9901010159 | D95: آباژور ایستاده چوبی خود رنگ FL-W159 | E95: - | F95: - | G95: - | I95: 247800000 | J95: =ROUND(((100%+$M$88)*Table3331[[#This Row],[قیمت (ریال)]])*(100%+$M$89),-6) -> 297000000 | T95: 75
A96: 7 | B96: آباژور ایستاده | C96: 9901010192 | D96: آباژور کنار سالنی عصایی سنگ مشکی FL-S192 | E96: - | F96: - | G96: - | I96: 271200000 | J96: =ROUND(((100%+$M$88)*Table3331[[#This Row],[قیمت (ریال)]])*(100%+$M$89),-6) -> 325000000 | T96: 76
A97: 8 | B97: آباژور ایستاده | C97: 9901010214 | D97: آ باژور زمینی شیشه ای پلاتینی بزرگFL-G214 | I97: 90000000 | J97: =ROUND(((100%+$M$88)*Table3331[[#This Row],[قیمت (ریال)]])*(100%+$M$89),-6) -> 108000000 | T97: 77
A98: 9 | B98: آباژور ایستاده | C98: 9901010215 | D98: آ باژور زمینی شیشه ای پلاتینی کوچکFL-G215 | I98: 75000000 | J98: =ROUND(((100%+$M$88)*Table3331[[#This Row],[قیمت (ریال)]])*(100%+$M$89),-6) -> 90000000 | T98: 78
A99: 10 | B99: آباژور ایستاده | C99: 9901010216 | D99: آ باژور زمینی شیشه ای دودی بزرگFL-G216 | I99: 90000000 | J99: =ROUND(((100%+$M$88)*Table3331[[#This Row],[قیمت (ریال)]])*(100%+$M$89),-6) -> 108000000 | T99: 79
A100: 11 | B100: آباژور ایستاده | C100: 9901010217 | D100: آ باژور زمینی شیشه ای دودی کوچکFL-G217 | I100: 75000000 | J100: =ROUND(((100%+$M$88)*Table3331[[#This Row],[قیمت (ریال)]])*(100%+$M$89),-6) -> 90000000 | T100: 80
A101: 12 | B101: آباژور ایستاده | C101: 9901010218 | D101: آباژور ایستاده سنگی مشکیFL-S218 | I101: 285000000 | J101: =ROUND(((100%+$M$88)*Table3331[[#This Row],[قیمت (ریال)]])*(100%+$M$89),-6) -> 342000000 | T101: 81
A107: ردیف | B107: دسته بندی | C107: کد کالا | D107: شرح کالا | E107: طول (سانتی متر) | F107: عرض (سانتی متر) | G107: ارتفاع (سانتی متر) | H107: وزن (کیلوگرم) | I107: قیمت (ریال) | J107: قیمت جدید | L107: درصد افزایش 1 | M107: 0.2
A108: 1 | B108: لوستر | C108: 9901010111 | D108: لوستر روشنایی فلز رزگلد CL-M111 | E108: 80 | F108: 95 | G108: 95 | I108: 1061400000 | J108: =ROUND(((100%+$M$107)*Table34[[#This Row],[قیمت (ریال)]])*(100%+$M$108),-6) -> 1274000000 | L108: درصد افزایش 2 | M108: 0 | T108: 82
A109: 2 | B109: لوستر | C109: 9901010113 | D109: لوستر روشنایی فلز طلاییCL-M113 | E109: 90*73 | I109: 152200000 | J109: =ROUND(((100%+$M$107)*Table34[[#This Row],[قیمت (ریال)]])*(100%+$M$108),-6) -> 183000000 | T109: 83
A110: 3 | B110: لوستر | C110: 9901010114 | D110: لوستر روشنایی فلز طلاییCL-M114 | E110: 95 | F110: 60 | G110: 110 | I110: 613200000 | J110: =ROUND(((100%+$M$107)*Table34[[#This Row],[قیمت (ریال)]])*(100%+$M$108),-6) -> 736000000 | T110: 84
A111: 4 | B111: لوستر | C111: 9901010116 | D111: لوستر روشنایی فلز مشکی CL-M116 | E111: 65 | F111: 110 | G111: 110 | I111: 271200000 | J111: =ROUND(((100%+$M$107)*Table34[[#This Row],[قیمت (ریال)]])*(100%+$M$108),-6) -> 325000000 | T111: 85
A112: 5 | B112: لوستر | C112: 9901010143 | D112: لوستر روشنایی چوب و فلز آنتیک CL-MW143 | E112: - | F112: - | G112: - | I112: 688000000 | J112: =ROUND(((100%+$M$107)*Table34[[#This Row],[قیمت (ریال)]])*(100%+$M$108),-6) -> 826000000 | T112: 86
A113: 6 | B113: لوستر | C113: 9901010149 | D113: لوستر روشنایی فلز مشکی LL-M149 | E113: 90*35 | I113: 805900000 | J113: =ROUND(((100%+$M$107)*Table34[[#This Row],[قیمت (ریال)]])*(100%+$M$108),-6) -> 967000000 | T113: 87
A114: 7 | B114: لوستر | C114: 9901010150 | D114: لوستر روشنایی فلز مشکی LL-M150 | E114: 120*35 | I114: 1002500000 | J114: =ROUND(((100%+$M$107)*Table34[[#This Row],[قیمت (ریال)]])*(100%+$M$108),-6) -> 1203000000 | T114: 88
A115: 8 | B115: لوستر | C115: 9901010155 | D115: لوستر روشنایی فلز مشکی CL-M155 | E115: - | F115: - | G115: - | I115: 786200000 | J115: =ROUND(((100%+$M$107)*Table34[[#This Row],[قیمت (ریال)]])*(100%+$M$108),-6) -> 943000000 | T115: 89
A116: 9 | B116: لوستر | C116: 9901010156 | D116: لوستر روشنایی فلزی آنتیک CL-M156 | E116: - | F116: - | G116: - | I116: 578200000 | J116: =ROUND(((100%+$M$107)*Table34[[#This Row],[قیمت (ریال)]])*(100%+$M$108),-6) -> 694000000 | T116: 90
A117: 10 | B117: لوستر | C117: 9901010157 | D117: لوستر روشنایی فلزی مشکی CL-M157 | E117: - | F117: - | G117: - | I117: 756800000 | J117: =ROUND(((100%+$M$107)*Table34[[#This Row],[قیمت (ریال)]])*(100%+$M$108),-6) -> 908000000 | T117: 91
A118: 11 | B118: لوستر | C118: 9901010158 | D118: لوستر روشنایی فلزی آنتیک CL-M158 | E118: - | F118: - | G118: - | I118: 777800000 | J118: =ROUND(((100%+$M$107)*Table34[[#This Row],[قیمت (ریال)]])*(100%+$M$108),-6) -> 933000000 | T118: 92
A119: 12 | B119: لوستر | C119: 9901010160 | D119: لوستر روشنایی فلز طلایی CL-M160 | E119: - | F119: - | G119: - | I119: 540500000 | J119: =ROUND(((100%+$M$107)*Table34[[#This Row],[قیمت (ریال)]])*(100%+$M$108),-6) -> 649000000 | T119: 93
A120: 13 | B120: لوستر | C120: 9901010161 | D120: لوستر روشنایی فلزی مشکی CL-M161 | E120: - | F120: - | G120: - | I120: 540500000 | J120: =ROUND(((100%+$M$107)*Table34[[#This Row],[قیمت (ریال)]])*(100%+$M$108),-6) -> 649000000 | T120: 94
A121: 14 | B121: لوستر | C121: 9901010163 | D121: لوستر روشنایی فلزی ذغالیCL-M163 | E121: قطر 80 | I121: 963200000 | J121: =ROUND(((100%+$M$107)*Table34[[#This Row],[قیمت (ریال)]])*(100%+$M$108),-6) -> 1156000000 | T121: 95
A122: 15 | B122: لوستر | C122: 9901010164 | D122: لوستر روشنایی فلزی مشکی CL-M164 | E122: قطر 60 | I122: 908000000 | J122: =ROUND(((100%+$M$107)*Table34[[#This Row],[قیمت (ریال)]])*(100%+$M$108),-6) -> 1090000000 | T122: 96
A123: 16 | B123: لوستر | C123: 9901010168 | D123: لوستر روشنایی فلزی گرد مشکی CL-M168 (15 عددی) | E123: - | F123: - | G123: - | I123: 1486000000 | J123: =ROUND(((100%+$M$107)*Table34[[#This Row],[قیمت (ریال)]])*(100%+$M$108),-6) -> 1783000000 | T123: 97
A124: 17 | B124: لوستر | C124: 9901010179 | D124: لوستر روشنايي فلزي طلايی CL-M179 (16 شعله) | E124: - | F124: - | G124: - | I124: 943400000 | J124: =ROUND(((100%+$M$107)*Table34[[#This Row],[قیمت (ریال)]])*(100%+$M$108),-6) -> 1132000000 | T124: 98
A125: 18 | B125: لوستر | C125: 9901010181 | D125: لوستر روشنایی چوب و فلز ذغالسنگی CL-W181 | E125: - | F125: - | G125: - | I125: 974900000 | J125: =ROUND(((100%+$M$107)*Table34[[#This Row],[قیمت (ریال)]])*(100%+$M$108),-6) -> 1170000000 | T125: 99
A126: 19 | B126: لوستر | C126: 9901010194 | D126: لوستر گرد فلزی فریم مشکیCL-M194 | E126: 75*75 | I126: 703700000 | J126: =ROUND(((100%+$M$107)*Table34[[#This Row],[قیمت (ریال)]])*(100%+$M$108),-6) -> 844000000 | T126: 100
A127: 20 | B127: لوستر | C127: 9901010195 | D127: لوستر روشنایی فلزی طلایی CL-M195 | E127: 60*60 | I127: 1014200000 | J127: =ROUND(((100%+$M$107)*Table34[[#This Row],[قیمت (ریال)]])*(100%+$M$108),-6) -> 1217000000 | T127: 101
A128: 21 | B128: لوستر | C128: 9901010212 | D128: لوستر روشنایی فلزی مشکی CL-M212 (قطر 50) | E128: بیسموت | I128: 786200000 | J128: =ROUND(((100%+$M$107)*Table34[[#This Row],[قیمت (ریال)]])*(100%+$M$108),-6) -> 943000000 | T128: 102
A135: ردیف | B135: دسته بندی | C135: کد کالا | D135: شرح کالا | E135: طول (سانتی متر) | F135: عرض (سانتی متر) | G135: ارتفاع (سانتی متر) | H135: وزن (کیلوگرم) | I135: قیمت (ریال) | J135: قیمت جدید | L135: درصد افزایش 1 | M135: 0.2
A136: 1 | B136: آویز | C136: 9901010033 | D136: آویز روشنایی چوبی PL-W033 | E136: 13.5 | F136: 13.5 | G136: 18 | I136: 40600000 | J136: =ROUND(((100%+$M$135)*Table35[[#This Row],[قیمت (ریال)]])*(100%+$M$136),-6) -> 49000000 | L136: درصد افزایش 2 | M136: 0 | T136: 103
A137: 2 | B137: آویز | C137: 9901010034 | D137: آویز روشنایی چوبی PL-W034 | E137: 6.5 | F137: 6.5 | G137: 27.5 | I137: 37600000 | J137: =ROUND(((100%+$M$135)*Table35[[#This Row],[قیمت (ریال)]])*(100%+$M$136),-6) -> 45000000 | T137: 104
A138: 3 | B138: آویز | C138: 9901010035 | D138: آویز روشنایی چوبی PL-W035 | E138: 11 | F138: 11 | G138: 22 | I138: 40600000 | J138: =ROUND(((100%+$M$135)*Table35[[#This Row],[قیمت (ریال)]])*(100%+$M$136),-6) -> 49000000 | T138: 105
A139: 4 | B139: آویز | C139: 9901010036 | D139: آویز روشنایی چوبی PL-W036 | E139: 11 | F139: 11 | G139: 11 | I139: 31600000 | J139: =ROUND(((100%+$M$135)*Table35[[#This Row],[قیمت (ریال)]])*(100%+$M$136),-6) -> 38000000 | T139: 106
A140: 5 | B140: آویز | C140: 9901010072 | D140: لاینر روشنایی چوبی LL-W072 | E140: 110 | I140: 198200000 | J140: =ROUND(((100%+$M$135)*Table35[[#This Row],[قیمت (ریال)]])*(100%+$M$136),-6) -> 238000000 | T140: 107
A141: 6 | B141: آویز | C141: 9901010073 | D141: لاینر روشنایی چوبی LL-W073 | E141: 60 | I141: 168200000 | J141: =ROUND(((100%+$M$135)*Table35[[#This Row],[قیمت (ریال)]])*(100%+$M$136),-6) -> 202000000 | T141: 108
A142: 7 | B142: آویز | C142: 9901010074 | D142: آویز روشنایی چوبی PL-W074 | E142: 9 | F142: 9 | G142: 20 | I142: 93800000 | J142: =ROUND(((100%+$M$135)*Table35[[#This Row],[قیمت (ریال)]])*(100%+$M$136),-6) -> 113000000 | T142: 109
A143: 8 | B143: آویز | C143: 9901010102 | D143: آویز روشنایی سرامیکی سفید PL-CR102 | E143: 18*126 | I143: 127900000 | J143: =ROUND(((100%+$M$135)*Table35[[#This Row],[قیمت (ریال)]])*(100%+$M$136),-6) -> 153000000 | T143: 110
A144: 9 | B144: آویز | C144: 9901010105 | D144: آویز روشنایی چرم عسلی تیره PL-L105 | E144: 26*149 | I144: 167200000 | J144: =ROUND(((100%+$M$135)*Table35[[#This Row],[قیمت (ریال)]])*(100%+$M$136),-6) -> 201000000 | T144: 111
A145: 10 | B145: آویز | C145: 9901010110 | D145: لاینر روشنایی فلز مشکی LL-M110 | E145: 25 | F145: 10 | G145: 160 | I145: 268800000 | J145: =ROUND(((100%+$M$135)*Table35[[#This Row],[قیمت (ریال)]])*(100%+$M$136),-6) -> 323000000 | T145: 112
...

Sheet  کالای خواب حذف از لیست اصلی
A1: لیست قیمت کالای خواب حذف از تولید ( 1405/02/01)
A2: ردیف | B2: دسته بندی | C2: کد کالا | D2: شرح کالا | E2: قیمت (ریال) | F2: قیمت جدید | P2: کد کاتالوگ
A3: 1 | B3: بالش | C3: 9900120004 | D3: بالش آتریپلکس / پلوم (90%پر) | E3: 74900000 | F3: =ROUND(((100%+$K$4)*Table1085024[[#This Row],[قیمت (ریال)]])*(100%+$K$5),-6) -> 90000000 | P3: 2
A4: =A3+1 -> 2 | B4: بالش | C4: 9900120005 | D4: بالش آتریپلکس / پاکت پیلو | E4: 84200000 | F4: =ROUND(((100%+$K$4)*Table1085024[[#This Row],[قیمت (ریال)]])*(100%+$K$5),-6) -> 101000000 | J4: نرخ 1 | K4: 0.2 | P4: 3
A5: =A4+1 -> 3 | B5: بالش | C5: 9900120006 | D5: بالش آتریپلکس / بامبو | E5: 64600000 | F5: =ROUND(((100%+$K$4)*Table1085024[[#This Row],[قیمت (ریال)]])*(100%+$K$5),-6) -> 78000000 | J5: نرخ 2 | K5: 0 | P5: 4
A6: =A5+1 -> 4 | B6: بالش | C6: 9900120007 | D6: بالش آتریپلکس / آلوئه ورا | E6: 56000000 | F6: =ROUND(((100%+$K$4)*Table1085024[[#This Row],[قیمت (ریال)]])*(100%+$K$5),-6) -> 67000000 | P6: 5
A7: =A6+1 -> 5 | B7: بالش | C7: 9900120008 | D7: بالش آتریپلکس / میکرو نیدل | E7: 63600000 | F7: =ROUND(((100%+$K$4)*Table1085024[[#This Row],[قیمت (ریال)]])*(100%+$K$5),-6) -> 76000000 | P7: 6
A8: =A7+1 -> 6 | B8: بالش | C8: 9900120009 | D8: بالش آتریپلکس / آل سیزنس | E8: 63600000 | F8: =ROUND(((100%+$K$4)*Table1085024[[#This Row],[قیمت (ریال)]])*(100%+$K$5),-6) -> 76000000 | P8: 7
A9: =A8+1 -> 7 | B9: بالش | C9: 9900120010 | D9: بالش آتریپلکس / نچرال | E9: 63600000 | F9: =ROUND(((100%+$K$4)*Table1085024[[#This Row],[قیمت (ریال)]])*(100%+$K$5),-6) -> 76000000 | P9: 8
A10: =A9+1 -> 8 | B10: بالش | C10: 9900120011 | D10: بالش آتریپلکس / هایپرکلاس | E10: 73000000 | F10: =ROUND(((100%+$K$4)*Table1085024[[#This Row],[قیمت (ریال)]])*(100%+$K$5),-6) -> 88000000 | P10: 9
A11: =A10+1 -> 9 | B11: بالش | C11: 9900120012 | D11: بالش آتریپلکس / فرش کول | E11: 89900000 | F11: =ROUND(((100%+$K$4)*Table1085024[[#This Row],[قیمت (ریال)]])*(100%+$K$5),-6) -> 108000000 | P11: 10
A12: =A11+1 -> 10 | B12: بالش | C12: 9900120023 | D12: بالش مون سیلک | E12: 144000000 | F12: =ROUND(((100%+$K$4)*Table1085024[[#This Row],[قیمت (ریال)]])*(100%+$K$5),-6) -> 173000000 | P12: 11
A13: =A12+1 -> 11 | B13: بالش | C13: 9900120024 | D13: بالش توین رست | E13: 88000000 | F13: =ROUND(((100%+$K$4)*Table1085024[[#This Row],[قیمت (ریال)]])*(100%+$K$5),-6) -> 106000000 | P13: 12
A14: =A13+1 -> 12 | B14: بالش | C14: 9900120025 | D14: بالش طبی مموری ترکیبی | E14: 136800000 | F14: =ROUND(((100%+$K$4)*Table1085024[[#This Row],[قیمت (ریال)]])*(100%+$K$5),-6) -> 164000000 | P14: 13
A19: ردیف | B19: دسته بندی | C19: کد کالا | D19: شرح کالا | E19: قیمت (ریال) | F19: قیمت جدید | J19: نرخ 1 | K19: 0.2
A20: 1 | B20: سرویس روتختی | C20: 9900130005 | D20: سرویس روتختی دونفره سه تکه فریزیا / زغالی | E20: 279600000 | F20: =ROUND(((100%+$K$19)*Table10850247[[#This Row],[قیمت (ریال)]])*(100%+$K$20),-6) -> 336000000 | J20: نرخ 2 | K20: 0 | P20: 14
A21: =A20+1 -> 2 | B21: سرویس روتختی | C21: 9900130006 | D21: سرویس روتختی دونفره سه تکه فریزیا / مسی | E21: 279600000 | F21: =ROUND(((100%+$K$19)*Table10850247[[#This Row],[قیمت (ریال)]])*(100%+$K$20),-6) -> 336000000 | P21: 15
A22: =A21+1 -> 3 | B22: سرویس روتختی | C22: 9900130007 | D22: سرویس روتختی دونفره سه تکه فریزیا /آبی تیره | E22: 279600000 | F22: =ROUND(((100%+$K$19)*Table10850247[[#This Row],[قیمت (ریال)]])*(100%+$K$20),-6) -> 336000000 | P22: 16
A23: =A22+1 -> 4 | B23: سرویس روتختی | C23: 9900130008 | D23: سرویس روتختی دونفره سه تکه فریزیا / خاکستری | E23: 279600000 | F23: =ROUND(((100%+$K$19)*Table10850247[[#This Row],[قیمت (ریال)]])*(100%+$K$20),-6) -> 336000000 | P23: 17
A24: =A23+1 -> 5 | B24: سرویس روتختی | C24: 9900130009 | D24: سرویس روتختی یک نفره دو تکه فریزیا / زغالی | E24: 223000000 | F24: =ROUND(((100%+$K$19)*Table10850247[[#This Row],[قیمت (ریال)]])*(100%+$K$20),-6) -> 268000000 | P24: 18
A25: =A24+1 -> 6 | B25: سرویس روتختی | C25: 9900130010 | D25: سرویس روتختی یک نفره دو تکه فریزیا / مسی | E25: 223000000 | F25: =ROUND(((100%+$K$19)*Table10850247[[#This Row],[قیمت (ریال)]])*(100%+$K$20),-6) -> 268000000 | P25: 19
A26: =A25+1 -> 7 | B26: سرویس روتختی | C26: 9900130011 | D26: سرویس روتختی یک نفره دو تکه فریزیا / آبی تیره | E26: 223000000 | F26: =ROUND(((100%+$K$19)*Table10850247[[#This Row],[قیمت (ریال)]])*(100%+$K$20),-6) -> 268000000 | P26: 20
A27: =A26+1 -> 8 | B27: سرویس روتختی | C27: 9900130012 | D27: سرویس روتختی یک نفره دو تکه فریزیا / خاکستری | E27: 223000000 | F27: =ROUND(((100%+$K$19)*Table10850247[[#This Row],[قیمت (ریال)]])*(100%+$K$20),-6) -> 268000000 | P27: 21
A28: =A27+1 -> 9 | B28: سرویس روتختی | C28: 9900130022 | D28: سرویس روتختی دو نفره یازده تکه ماری گلد 22 | E28: 622400000 | F28: =ROUND(((100%+$K$19)*Table10850247[[#This Row],[قیمت (ریال)]])*(100%+$K$20),-6) -> 747000000 | P28: 22
A29: =A28+1 -> 10 | B29: سرویس روتختی | C29: 9900130025 | D29: سرویس روتختی و کاور کینگ ده تکه دکوماریا 25 | E29: 828800000 | F29: =ROUND(((100%+$K$19)*Table10850247[[#This Row],[قیمت (ریال)]])*(100%+$K$20),-6) -> 995000000 | P29: 23
A30: =A29+1 -> 11 | B30: سرویس روتختی | C30: 9900130030 | D30: سرویس روتختی دو نفره سه تکه کاتالیا 30 | E30: 114500000 | F30: =ROUND(((100%+$K$19)*Table10850247[[#This Row],[قیمت (ریال)]])*(100%+$K$20),-6) -> 137000000 | P30: 24
A31: =A30+1 -> 12 | B31: سرویس روتختی | C31: 9900130031 | D31: سرویس روتختی دو نفره سه تکه کاتالیا 31 | E31: 114500000 | F31: =ROUND(((100%+$K$19)*Table10850247[[#This Row],[قیمت (ریال)]])*(100%+$K$20),-6) -> 137000000 | P31: 25
A32: =A31+1 -> 13 | B32: سرویس روتختی | C32: 9900130032 | D32: سرویس روتختی دو نفره سه تکه کاتالیا 32 | E32: 114500000 | F32: =ROUND(((100%+$K$19)*Table10850247[[#This Row],[قیمت (ریال)]])*(100%+$K$20),-6) -> 137000000 | P32: 26
A33: =A32+1 -> 14 | B33: سرویس روتختی | C33: 9900130033 | D33: سرویس روتختی دو نفره سه تکه کاتالیا 33 | E33: 114500000 | F33: =ROUND(((100%+$K$19)*Table10850247[[#This Row],[قیمت (ریال)]])*(100%+$K$20),-6) -> 137000000 | P33: 27
A34: =A33+1 -> 15 | B34: سرویس روتختی | C34: 9900130034 | D34: سرویس روتختی دو نفره سه تکه کاتالیا 34 | E34: 114500000 | F34: =ROUND(((100%+$K$19)*Table10850247[[#This Row],[قیمت (ریال)]])*(100%+$K$20),-6) -> 137000000 | P34: 28
A35: =A34+1 -> 16 | B35: سرویس روتختی | C35: 9900130035 | D35: سرویس روتختی دو نفره سه تکه کاتالیا 35 | E35: 114500000 | F35: =ROUND(((100%+$K$19)*Table10850247[[#This Row],[قیمت (ریال)]])*(100%+$K$20),-6) -> 137000000 | P35: 29
A36: =A35+1 -> 17 | B36: سرویس روتختی | C36: 9900130036 | D36: سرویس روتختی دو نفره شش تکه کاتالیا پلاس 36 | E36: 223000000 | F36: =ROUND(((100%+$K$19)*Table10850247[[#This Row],[قیمت (ریال)]])*(100%+$K$20),-6) -> 268000000 | P36: 30
A37: =A36+1 -> 18 | B37: سرویس روتختی | C37: 9900130037 | D37: سرویس روتختی دو نفره شش تکه کاتالیا پلاس 37 | E37: 223000000 | F37: =ROUND(((100%+$K$19)*Table10850247[[#This Row],[قیمت (ریال)]])*(100%+$K$20),-6) -> 268000000 | P37: 31
A38: =A37+1 -> 19 | B38: سرویس روتختی | C38: 9900130038 | D38: سرویس روتختی دو نفره شش تکه کاتالیا پلاس 38 | E38: 223000000 | F38: =ROUND(((100%+$K$19)*Table10850247[[#This Row],[قیمت (ریال)]])*(100%+$K$20),-6) -> 268000000 | P38: 32
A39: =A38+1 -> 20 | B39: سرویس روتختی | C39: 9900130039 | D39: سرویس روتختی دو نفره شش تکه کاتالیا پلاس 39 | E39: 223000000 | F39: =ROUND(((100%+$K$19)*Table10850247[[#This Row],[قیمت (ریال)]])*(100%+$K$20),-6) -> 268000000 | P39: 33
A40: =A39+1 -> 21 | B40: سرویس روتختی | C40: 9900130040 | D40: سرویس روتختی دو نفره شش تکه کاتالیا پلاس 40 | E40: 223000000 | F40: =ROUND(((100%+$K$19)*Table10850247[[#This Row],[قیمت (ریال)]])*(100%+$K$20),-6) -> 268000000 | P40: 34
A41: =A40+1 -> 22 | B41: سرویس روتختی | C41: 9900130041 | D41: سرویس روتختی دو نفره شش تکه کاتالیا پلاس 41 | E41: 223000000 | F41: =ROUND(((100%+$K$19)*Table10850247[[#This Row],[قیمت (ریال)]])*(100%+$K$20),-6) -> 268000000 | P41: 35
... A50: =A49+1 -> 31 | B50: سرویس روتختی | C50: 9900130050 | D50: سرویس روتختی دو نفره لوپین / سفارشی | E50: 377500000 | F50: =ROUND(((100%+$K$19)*Table10850247[[#This Row],[قیمت (ریال)]])*(100%+$K$20),-6) -> 453000000 | P50: 44
A53: ردیف | B53: دسته بندی | C53: کد کالا | D53: شرح کالا | E53: قیمت (ریال) | F53: قیمت جدید | J53: نرخ 1 | K53: 0.2
A54: 1 | B54: سرویس ملحفه | C54: 9900140002 | D54: سرویس ملحفه دو نفره شش تکه لیاتریس | E54: 286700000 | F54: =ROUND(((100%+$K$53)*Table10850248[[#This Row],[قیمت (ریال)]])*(100%+$K$54),-6) -> 344000000 | J54: نرخ 2 | K54: 0
A55: =A54+1 -> 2 | B55: سرویس ملحفه | C55: 9900140005 | D55: سرویس ملحفه دو نفره شش تکه کردلین / مسی | E55: 271800000 | F55: =ROUND(((100%+$K$53)*Table10850248[[#This Row],[قیمت (ریال)]])*(100%+$K$54),-6) -> 326000000 | P55: 45
A56: 2 | B56: سرویس ملحفه | C56: 9900140007 | D56: سرویس ملحفه دو نفره شش تکه داست میلر | E56: 271800000 | F56: =ROUND(((100%+$K$53)*Table10850248[[#This Row],[قیمت (ریال)]])*(100%+$K$54),-6) -> 326000000 | P56: 46
A57: =A56+1 -> 3 | B57: سرویس ملحفه | C57: 9900140011 | D57: سرویس ملحفه دو نفره شش تکه سالیوا | E57: 271800000 | F57: =ROUND(((100%+$K$53)*Table10850248[[#This Row],[قیمت (ریال)]])*(100%+$K$54),-6) -> 326000000 | P57: 47
A58: 3 | B58: سرویس ملحفه | C58: 9900140020 | D58: سرویس ملحفه یک نفره چهار تکه اسپری رز | E58: 223100000 | F58: =ROUND(((100%+$K$53)*Table10850248[[#This Row],[قیمت (ریال)]])*(100%+$K$54),-6) -> 268000000 | P58: 48
A59: =A58+1 -> 4 | B59: سرویس ملحفه | C59: 9900140023 | D59: سرویس ملحفه دو نفره شش تکه کراسپدیا / گلبهی | E59: 296400000 | F59: =ROUND(((100%+$K$53)*Table10850248[[#This Row],[قیمت (ریال)]])*(100%+$K$54),-6) -> 356000000 | P59: 49
A60: 4 | B60: سرویس ملحفه | C60: 9900140028 | D60: سرویس ملحفه دو نفره کینگ شش تکه آیریس | E60: 350000000 | F60: =ROUND(((100%+$K$53)*Table10850248[[#This Row],[قیمت (ریال)]])*(100%+$K$54),-6) -> 420000000 | P60: 50
A61: =A60+1 -> 5 | B61: سرویس ملحفه | C61: 9900140029 | D61: سرویس ملحفه دو نفره کینگ شش تکه لیاتریس | E61: 350000000 | F61: =ROUND(((100%+$K$53)*Table10850248[[#This Row],[قیمت (ریال)]])*(100%+$K$54),-6) -> 420000000 | P61: 51
A62: 5 | B62: سرویس ملحفه | C62: 9900140031 | D62: سرویس ملحفه دو نفره چهار تکه آلیسوم | E62: 154400000 | F62: =ROUND(((100%+$K$53)*Table10850248[[#This Row],[قیمت (ریال)]])*(100%+$K$54),-6) -> 185000000 | P62: 52
A63: =A62+1 -> 6 | B63: سرویس ملحفه | C63: 9900140069 | D63: سرویس ملحفه دو نفره شش تکه تریلیوم | E63: 278000000 | F63: =ROUND(((100%+$K$53)*Table10850248[[#This Row],[قیمت (ریال)]])*(100%+$K$54),-6) -> 334000000 | P63: 53
A64: 6 | B64: سرویس ملحفه | C64: 9900140070 | D64: سرویس ملحفه دو نفره کینگ شش تکه تریلیوم | E64: 298600000 | F64: =ROUND(((100%+$K$53)*Table10850248[[#This Row],[قیمت (ریال)]])*(100%+$K$54),-6) -> 358000000 | P64: 54
A65: =A64+1 -> 7 | B65: سرویس ملحفه | C65: 9900140071 | D65: سرویس ملحفه دو نفره شش تکه لیناریا | E65: 263600000 | F65: =ROUND(((100%+$K$53)*Table10850248[[#This Row],[قیمت (ریال)]])*(100%+$K$54),-6) -> 316000000 | P65: 55
A66: 7 | B66: سرویس ملحفه | C66: 9900140072 | D66: سرویس ملحفه دو نفره کینگ شش تکه لیناریا | E66: 284300000 | F66: =ROUND(((100%+$K$53)*Table10850248[[#This Row],[قیمت (ریال)]])*(100%+$K$54),-6) -> 341000000 | P66: 56
A67: =A66+1 -> 8 | B67: سرویس ملحفه | C67: 9900140075 | D67: سرویس ملحفه دو نفره شش تکه بالوتا | E67: 263600000 | F67: =ROUND(((100%+$K$53)*Table10850248[[#This Row],[قیمت (ریال)]])*(100%+$K$54),-6) -> 316000000 | P67: 57
A68: 8 | B68: سرویس ملحفه | C68: 9900140076 | D68: سرویس ملحفه دو نفره کینگ شش تکه بالوتا | E68: 284300000 | F68: =ROUND(((100%+$K$53)*Table10850248[[#This Row],[قیمت (ریال)]])*(100%+$K$54),-6) -> 341000000 | P68: 58
A70: ردیف | B70: دسته بندی | C70: کد کالا | D70: شرح کالا | E70: قیمت (ریال) | F70: قیمت جدید | J70: نرخ 1 | K70: 0.2
A71: 1 | B71: لحاف | C71: 9900150006 | D71: لحاف دو نفره 215*235 آزالیا / آلوئه ورا | E71: 179800000 | F71: =ROUND(((100%+$K$70)*Table1085024810[[#This Row],[قیمت (ریال)]])*(100%+$K$71),-6) -> 216000000 | J71: نرخ 2 | K71: 0 | P71: 59
A72: =A71+1 -> 2 | B72: لحاف | C72: 9900150013 | D72: لحاف یک نفره 215*155 آزالیا / هایپرکلاس | E72: 121700000 | F72: =ROUND(((100%+$K$70)*Table1085024810[[#This Row],[قیمت (ریال)]])*(100%+$K$71),-6) -> 146000000 | P72: 60
A73: =A72+1 -> 3 | B73: لحاف | C73: 9900150016 | D73: لحاف دو نفره 215*195 آزالیا / سافت | E73: 132600000 | F73: =ROUND(((100%+$K$70)*Table1085024810[[#This Row],[قیمت (ریال)]])*(100%+$K$71),-6) -> 159000000 | P73: 61
A74: =A73+1 -> 4 | B74: لحاف | C74: 9900150017 | D74: لحاف دو نفره 215*195 آزالیا / میکرونیدل (90%پر) | E74: 312400000 | F74: =ROUND(((100%+$K$70)*Table1085024810[[#This Row],[قیمت (ریال)]])*(100%+$K$71),-6) -> 375000000 | P74: 62
A75: =A74+1 -> 5 | B75: لحاف | C75: 9900150025 | D75: لحاف یک نفره 215*155 تنسی | E75: 252700000 | F75: =ROUND(((100%+$K$70)*Table1085024810[[#This Row],[قیمت (ریال)]])*(100%+$K$71),-6) -> 303000000 | P75: 63
A76: =A75+1 -> 6 | B76: لحاف | C76: 9900150026 | D76: لحاف دو نفره 215*195 تنسی | E76: 290200000 | F76: =ROUND(((100%+$K$70)*Table1085024810[[#This Row],[قیمت (ریال)]])*(100%+$K$71),-6) -> 348000000 | P76: 64
A77: =A76+1 -> 7 | B77: لحاف | C77: 9900150027 | D77: لحاف دو نفره 215*235 تنسی | E77: 299500000 | F77: =ROUND(((100%+$K$70)*Table1085024810[[#This Row],[قیمت (ریال)]])*(100%+$K$71),-6) -> 359000000 | P77: 65
A80: ردیف | B80: دسته بندی | C80: کد کالا | D80: شرح کالا | E80: قیمت (ریال) | F80: قیمت جدید
A81: 1 | B81: پتو | C81: 9900160001 | D81: پتو یک نفره رینبو سبز روشن | E81: 80900000 | F81: =ROUND(((100%+$K$84)*Table108502481011[[#This Row],[قیمت (ریال)]])*(100%+$K$85),-6) -> 97000000
A82: 2 | B82: پتو | C82: 9900160002 | D82: پتو یک نفره رینبو آبی | E82: 80900000 | F82: =ROUND(((100%+$K$84)*Table108502481011[[#This Row],[قیمت (ریال)]])*(100%+$K$85),-6) -> 97000000
A83: 3 | B83: پتو | C83: 9900160003 | D83: پتو یک نفره رینبو بژ | E83: 80900000 | F83: =ROUND(((100%+$K$84)*Table108502481011[[#This Row],[قیمت (ریال)]])*(100%+$K$85),-6) -> 97000000
A84: 4 | B84: پتو | C84: 9900160010 | D84: پتو دو نفره رینبو سبز روشن | E84: 91700000 | F84: =ROUND(((100%+$K$84)*Table108502481011[[#This Row],[قیمت (ریال)]])*(100%+$K$85),-6) -> 110000000 | J84: نرخ 1 | K84: 0.2 | P84: 66
A85: 5 | B85: پتو | C85: 9900160011 | D85: پتو دو نفره رینبو آبی | E85: 91700000 | F85: =ROUND(((100%+$K$84)*Table108502481011[[#This Row],[قیمت (ریال)]])*(100%+$K$85),-6) -> 110000000 | J85: نرخ 2 | K85: 0 | P85: 67
A86: 6 | B86: پتو | C86: 9900160012 | D86: پتو دو نفره رینبو بژ | E86: 91700000 | F86: =ROUND(((100%+$K$84)*Table108502481011[[#This Row],[قیمت (ریال)]])*(100%+$K$85),-6) -> 110000000 | P86: 68
A87: 7 | B87: پتو | C87: 9900160013 | D87: پتو دو نفره رینبو طوسی | E87: 91700000 | F87: =ROUND(((100%+$K$84)*Table108502481011[[#This Row],[قیمت (ریال)]])*(100%+$K$85),-6) -> 110000000 | P87: 69
A88: 8 | B88: پتو | C88: 9900160014 | D88: پتو دو نفره رینبو کرم | E88: 91700000 | F88: =ROUND(((100%+$K$84)*Table108502481011[[#This Row],[قیمت (ریال)]])*(100%+$K$85),-6) -> 110000000 | P88: 70
A89: 9 | B89: پتو | C89: 9900160015 | D89: پتو دو نفره رینبو زرشکی | E89: 91700000 | F89: =ROUND(((100%+$K$84)*Table108502481011[[#This Row],[قیمت (ریال)]])*(100%+$K$85),-6) -> 110000000 | P89: 71
A90: 10 | B90: پتو | C90: 9900160016 | D90: پتو دو نفره رینبو صورتی | E90: 91700000 | F90: =ROUND(((100%+$K$84)*Table108502481011[[#This Row],[قیمت (ریال)]])*(100%+$K$85),-6) -> 110000000 | P90: 72
A91: 11 | B91: پتو | C91: 9900160017 | D91: پتو دو نفره رینبو مشکی | E91: 91700000 | F91: =ROUND(((100%+$K$84)*Table108502481011[[#This Row],[قیمت (ریال)]])*(100%+$K$85),-6) -> 110000000 | P91: 73
A92: 12 | B92: پتو | C92: 9900160018 | D92: پتو دو نفره رینبو سبز کله غازی | E92: 91700000 | F92: =ROUND(((100%+$K$84)*Table108502481011[[#This Row],[قیمت (ریال)]])*(100%+$K$85),-6) -> 110000000 | P92: 74
A93: 13 | B93: پتو | C93: 9900160019 | D93: پتو شالی کلاود | E93: 28100000 | F93: =ROUND(((100%+$K$84)*Table108502481011[[#This Row],[قیمت (ریال)]])*(100%+$K$85),-6) -> 34000000 | P93: 75
A94: 14 | B94: پتو | C94: 9900160020 | D94: پتو دو نفره آیوی مشکی (همراه دو روبالشی) | E94: 69200000 | F94: =ROUND(((100%+$K$84)*Table108502481011[[#This Row],[قیمت (ریال)]])*(100%+$K$85),-6) -> 83000000 | P94: 76
A95: 15 | B95: پتو | C95: 9900160021 | D95: پتو دو نفره آیوی طوسی (همراه دو روبالشی) | E95: 69200000 | F95: =ROUND(((100%+$K$84)*Table108502481011[[#This Row],[قیمت (ریال)]])*(100%+$K$85),-6) -> 83000000 | P95: 77
A96: 16 | B96: پتو | C96: 9900160022 | D96: پتو دو نفره آیوی بژ (همراه دو روبالشی) | E96: 69200000 | F96: =ROUND(((100%+$K$84)*Table108502481011[[#This Row],[قیمت (ریال)]])*(100%+$K$85),-6) -> 83000000 | P96: 78
A97: 17 | B97: پتو | C97: 9900160023 | D97: پتو دو نفره آیوی کرم (همراه دو روبالشی) | E97: 69200000 | F97: =ROUND(((100%+$K$84)*Table108502481011[[#This Row],[قیمت (ریال)]])*(100%+$K$85),-6) -> 83000000 | P97: 79
... A104: 24 | B104: پتو | C104: 9900160040 | D104: پتو 220*160 اسکای دو لایه 40 | E104: 116000000 | F104: =ROUND(((100%+$K$84)*Table108502481011[[#This Row],[قیمت (ریال)]])*(100%+$K$85),-6) -> 139000000 | P104: 86

Sheet تشک حذف از تولید
B2: تشک آریل
B3: کد کالا | C3: شرح کالا | D3: ساختار | E3: ارتفاع تشک | F3: خدمات تعویض (ماه) | G3: خدمات بدون هزینه (ماه) | H3: خدمات با هزینه (ماه) | I3: قیمت (ریال) | J3: قیمت جدید
J4: قیمت جدید
B5: 9900110001 | C5: تشک 90*200 آریل | D5: فنر متصل | E5: 26 | F5: 15 | G5: 60 | H5: 120 | I5: 613100000 | J5: =ROUND(((100%+$M$6)*I5)*(100%+$M$7),-6) -> 736000000 | U5: 1
B6: 9900110002 | C6: تشک 120*200 آریل | D6: فنر متصل | E6: 26 | F6: 15 | G6: 60 | H6: 120 | I6: 830600000 | J6: =ROUND(((100%+$M$6)*I6)*(100%+$M$7),-6) -> 997000000 | L6: درصد افزایش 1 | M6: 0.2 | U6: 2
B7: 9900110003 | C7: تشک 140*200 آریل | D7: فنر متصل | E7: 26 | F7: 15 | G7: 60 | H7: 120 | I7: 958400000 | J7: =ROUND(((100%+$M$6)*I7)*(100%+$M$7),-6) -> 1150000000 | L7: درصد افزایش 2 | M7: 0 | U7: 3
B8: 9900110004 | C8: تشک 160*200 آریل | D8: فنر متصل | E8: 26 | F8: 15 | G8: 60 | H8: 120 | I8: 1093600000 | J8: =ROUND(((100%+$M$6)*I8)*(100%+$M$7),-6) -> 1312000000 | U8: 4
B9: 9900110005 | C9: تشک 180*200 آریل | D9: فنر متصل | E9: 26 | F9: 15 | G9: 60 | H9: 120 | I9: 1229200000 | J9: =ROUND(((100%+$M$6)*I9)*(100%+$M$7),-6) -> 1475000000 | U9: 5
B14: تشک پاندورا
B15: کد کالا | C15: شرح کالا | D15: ساختار | E15: ارتفاع تشک | F15: خدمات تعویض (ماه) | G15: خدمات بدون هزینه (ماه) | H15: خدمات با هزینه (ماه) | I15: قیمت (ریال) | J15: قیمت جدید
J16: قیمت جدید
B17: 9900110006 | C17: تشک 90*200 پاندورا | D17: هیبرید | E17: 29 | F17: 15 | G17: 60 | H17: 120 | I17: 729000000 | J17: =ROUND(((100%+$M$17)*I17)*(100%+$M$18),-6) -> 875000000 | L17: درصد افزایش 1 | M17: 0.2
B18: 9900110007 | C18: تشک 120*200 پاندورا | D18: هیبرید | E18: 29 | F18: 15 | G18: 60 | H18: 120 | I18: 986000000 | J18: =ROUND(((100%+$M$17)*I18)*(100%+$M$18),-6) -> 1183000000 | L18: درصد افزایش 2 | M18: 0
B19: 9900110008 | C19: تشک 140*200 پاندورا | D19: هیبرید | E19: 29 | F19: 15 | G19: 60 | H19: 120 | I19: 1136000000 | J19: =ROUND(((100%+$M$17)*I19)*(100%+$M$18),-6) -> 1363000000
B20: 9900110009 | C20: تشک 160*200 پاندورا | D20: هیبرید | E20: 29 | F20: 15 | G20: 60 | H20: 120 | I20: 1301000000 | J20: =ROUND(((100%+$M$17)*I20)*(100%+$M$18),-6) -> 1561000000
B21: 9900110010 | C21: تشک 180*200 پاندورا | D21: هیبرید | E21: 29 | F21: 15 | G21: 60 | H21: 120 | I21: 1458000000 | J21: =ROUND(((100%+$M$17)*I21)*(100%+$M$18),-6) -> 1750000000

Sheet کاتالوگ تشک
R1: تاریخ لیست قیمت | S1: 1405/02/23
F22: لیست قیمت تشک حذف از تولید
M26: (1405/02/23)
E59: تشک آریل | N59: =$S$1 -> 1405/02/23
D60: ردیف | E60: کد کالا | G60: شرح | J60: ساختار | K60: ارتفاع تشک | L60: خدمات تعویض (ماه) | M60: خدمات بدون هزینه (ماه) | N60: خدمات با هزینه (ماه) | O60: قیمت (ریال)
D62: 1 | E62: =INDEX('تشک حذف از تولید'!B:B,MATCH(P62,'تشک حذف از تولید'!U:U,0)) -> 9900110001 | G62: =INDEX('تشک حذف از تولید'!C:C,MATCH(P62,'تشک حذف از تولید'!U:U,0)) -> تشک 90*200 آریل | J62: =INDEX('تشک حذف از تولید'!D:D,MATCH(P62,'تشک حذف از تولید'!U:U,0)) -> فنر متصل | K62: =INDEX('تشک حذف از تولید'!E:E,MATCH(P62,'تشک حذف از تولید'!U:U,0)) -> 26 | L62: =INDEX('تشک حذف از تولید'!F:F,MATCH(P62,'تشک حذف از تولید'!U:U,0)) -> 15 | M62: =INDEX('تشک حذف از تولید'!G:G,MATCH(P62,'تشک حذف از تولید'!U:U,0)) -> 60 | N62: =INDEX('تشک حذف از تولید'!H:H,MATCH(P62,'تشک حذف از تولید'!U:U,0)) -> 120 | O62: =INDEX('تشک حذف از تولید'!J:J,MATCH(P62,'تشک حذف از تولید'!U:U,0)) -> 736000000 | P62: 1
D63: 2 | E63: =INDEX('تشک حذف از تولید'!B:B,MATCH(P63,'تشک حذف از تولید'!U:U,0)) -> 9900110002 | G63: =INDEX('تشک حذف از تولید'!C:C,MATCH(P63,'تشک حذف از تولید'!U:U,0)) -> تشک 120*200 آریل | J63: =INDEX('تشک حذف از تولید'!D:D,MATCH(P63,'تشک حذف از تولید'!U:U,0)) -> فنر متصل | K63: =INDEX('تشک حذف از تولید'!E:E,MATCH(P63,'تشک حذف از تولید'!U:U,0)) -> 26 | L63: =INDEX('تشک حذف از تولید'!F:F,MATCH(P63,'تشک حذف از تولید'!U:U,0)) -> 15 | M63: =INDEX('تشک حذف از تولید'!G:G,MATCH(P63,'تشک حذف از تولید'!U:U,0)) -> 60 | N63: =INDEX('تشک حذف از تولید'!H:H,MATCH(P63,'تشک حذف از تولید'!U:U,0)) -> 120 | O63: =INDEX('تشک حذف از تولید'!J:J,MATCH(P63,'تشک حذف از تولید'!U:U,0)) -> 997000000 | P63: 2
D64: 3 | E64: =INDEX('تشک حذف از تولید'!B:B,MATCH(P64,'تشک حذف از تولید'!U:U,0)) -> 9900110003 | G64: =INDEX('تشک حذف از تولید'!C:C,MATCH(P64,'تشک حذف از تولید'!U:U,0)) -> تشک 140*200 آریل | J64: =INDEX('تشک حذف از تولید'!D:D,MATCH(P64,'تشک حذف از تولید'!U:U,0)) -> فنر متصل | K64: =INDEX('تشک حذف از تولید'!E:E,MATCH(P64,'تشک حذف از تولید'!U:U,0)) -> 26 | L64: =INDEX('تشک حذف از تولید'!F:F,MATCH(P64,'تشک حذف از تولید'!U:U,0)) -> 15 | M64: =INDEX('تشک حذف از تولید'!G:G,MATCH(P64,'تشک حذف از تولید'!U:U,0)) -> 60 | N64: =INDEX('تشک حذف از تولید'!H:H,MATCH(P64,'تشک حذف از تولید'!U:U,0)) -> 120 | O64: =INDEX('تشک حذف از تولید'!J:J,MATCH(P64,'تشک حذف از تولید'!U:U,0)) -> 1150000000 | P64: 3
D65: 4 | E65: =INDEX('تشک حذف از تولید'!B:B,MATCH(P65,'تشک حذف از تولید'!U:U,0)) -> 9900110004 | G65: =INDEX('تشک حذف از تولید'!C:C,MATCH(P65,'تشک حذف از تولید'!U:U,0)) -> تشک 160*200 آریل | J65: =INDEX('تشک حذف از تولید'!D:D,MATCH(P65,'تشک حذف از تولید'!U:U,0)) -> فنر متصل | K65: =INDEX('تشک حذف از تولید'!E:E,MATCH(P65,'تشک حذف از تولید'!U:U,0)) -> 26 | L65: =INDEX('تشک حذف از تولید'!F:F,MATCH(P65,'تشک حذف از تولید'!U:U,0)) -> 15 | M65: =INDEX('تشک حذف از تولید'!G:G,MATCH(P65,'تشک حذف از تولید'!U:U,0)) -> 60 | N65: =INDEX('تشک حذف از تولید'!H:H,MATCH(P65,'تشک حذف از تولید'!U:U,0)) -> 120 | O65: =INDEX('تشک حذف از تولید'!J:J,MATCH(P65,'تشک حذف از تولید'!U:U,0)) -> 1312000000 | P65: 4
D66: 5 | E66: =INDEX('تشک حذف از تولید'!B:B,MATCH(P66,'تشک حذف از تولید'!U:U,0)) -> 9900110005 | G66: =INDEX('تشک حذف از تولید'!C:C,MATCH(P66,'تشک حذف از تولید'!U:U,0)) -> تشک 180*200 آریل | J66: =INDEX('تشک حذف از تولید'!D:D,MATCH(P66,'تشک حذف از تولید'!U:U,0)) -> فنر متصل | K66: =INDEX('تشک حذف از تولید'!E:E,MATCH(P66,'تشک حذف از تولید'!U:U,0)) -> 26 | L66: =INDEX('تشک حذف از تولید'!F:F,MATCH(P66,'تشک حذف از تولید'!U:U,0)) -> 15 | M66: =INDEX('تشک حذف از تولید'!G:G,MATCH(P66,'تشک حذف از تولید'!U:U,0)) -> 60 | N66: =INDEX('تشک حذف از تولید'!H:H,MATCH(P66,'تشک حذف از تولید'!U:U,0)) -> 120 | O66: =INDEX('تشک حذف از تولید'!J:J,MATCH(P66,'تشک حذف از تولید'!U:U,0)) -> 1475000000 | P66: 5

Sheet کاتالوگ اکسسوری
M1: تاریخ لیست قیمت | N1: 1405/02/23
C19: لیست قیمت اکسسوری حذف از تولید
H22: ="( " &$N$1&" )" -> ( 1405/02/23 )
D41: فهرست
D42: دسته محصولات | J42: صفحه
D44: آباژور رومیزی | J44: 3-6
D46: آباژور ایستاده | J46: 7
D48: لوستر | J48: 8
D50: آویز | J50: 9
D52: دیوارکوب | J52: 10
D54: مبلمان فضای باز | J54: 10
D56: میز | J56: 11
D58: شال مبل | J58: 12
D60: رانر | J60: 13-14
D62: دستمال سفره و زیربشقابی | J62: 14
D64: کوسن | J64: 15-16
D66: ظرف پذیرایی | J66: 17-19
D68: گل مصنوعی | J68: 20
D70: گلدان | J70: 21-23
D72: شمع دکوراتیو | J72: 24
D74: شمعدان | J74: 25-26
D76: زیر سیگاری | J76: 26
D78: عطر خانگی | J78: 26
D80: عودسوز | J80: 27
D82: فهرست
D83: دسته محصولات | J83: صفحه
D85: تابلو | J85: 27
D87: ساعت | J87: 28
D89: آینه | J89: 28
D91: دکوراتیو | J91: 29
D93: جالباسی | J93: 30
D95: استند روزنامه | J95: 30
D97: فرش | J97: 31-34
D99: نگهدارنده کتاب | J99: 35
D101: آشیانه حیوانات | J101: 35
D103: کارد و چنگال | J103: 36
D126: آّباژور رومیزی | J126: =$N$1 -> 1405/02/23
D127: ردیف | E127: کد کالا | F127: شرح کالا | G127: طول (cm) | H127: عرض (cm) | I127: ارتفاع (cm) | J127: قیمت (ریال)
D128: 1 | E128: =INDEX('اکسسوری حذف از لیست اصلی'!C:C,MATCH(K128,'اکسسوری حذف از لیست اصلی'!T:T,0)) -> 9901010001 | F128: =INDEX('اکسسوری حذف از لیست اصلی'!D:D,MATCH(K128,'اکسسوری حذف از لیست اصلی'!T:T,0)) -> آباژور رومیزی چوبی طوسی TL-W001 | G128: =INDEX('اکسسوری حذف از لیست اصلی'!E:E,MATCH(K128,'اکسسوری حذف از لیست اصلی'!T:T,0)) -> 43 | H128: =INDEX('اکسسوری حذف از لیست اصلی'!F:F,MATCH(K128,'اکسسوری حذف از لیست اصلی'!T:T,0)) -> 43 | I128: =INDEX('اکسسوری حذف از لیست اصلی'!G:G,MATCH(K128,'اکسسوری حذف از لیست اصلی'!T:T,0)) -> 69 | J128: =INDEX('اکسسوری حذف از لیست اصلی'!J:J,MATCH(K128,'اکسسوری حذف از لیست اصلی'!T:T,0)) -> 124000000 | K128: 1
D129: 2 | E129: =INDEX('اکسسوری حذف از لیست اصلی'!C:C,MATCH(K129,'اکسسوری حذف از لیست اصلی'!T:T,0)) -> 9901010002 | F129: =INDEX('اکسسوری حذف از لیست اصلی'!D:D,MATCH(K129,'اکسسوری حذف از لیست اصلی'!T:T,0)) -> آباژور رومیزی چوبی مشکی طلایی TL-W002 | G129: =INDEX('اکسسوری حذف از لیست اصلی'!E:E,MATCH(K129,'اکسسوری حذف از لیست اصلی'!T:T,0)) -> 43 | H129: =INDEX('اکسسوری حذف از لیست اصلی'!F:F,MATCH(K129,'اکسسوری حذف از لیست اصلی'!T:T,0)) -> 43 | I129: =INDEX('اکسسوری حذف از لیست اصلی'!G:G,MATCH(K129,'اکسسوری حذف از لیست اصلی'!T:T,0)) -> 70 | J129: =INDEX('اکسسوری حذف از لیست اصلی'!J:J,MATCH(K129,'اکسسوری حذف از لیست اصلی'!T:T,0)) -> 124000000 | K129: 2
D130: 3 | E130: =INDEX('اکسسوری حذف از لیست اصلی'!C:C,MATCH(K130,'اکسسوری حذف از لیست اصلی'!T:T,0)) -> 9901010003 | F130: =INDEX('اکسسوری حذف از لیست اصلی'!D:D,MATCH(K130,'اکسسوری حذف از لیست اصلی'!T:T,0)) -> آباژور رومیزی چوبی مشکیTL-W003 | G130: =INDEX('اکسسوری حذف از لیست اصلی'!E:E,MATCH(K130,'اکسسوری حذف از لیست اصلی'!T:T,0)) -> 43 | H130: =INDEX('اکسسوری حذف از لیست اصلی'!F:F,MATCH(K130,'اکسسوری حذف از لیست اصلی'!T:T,0)) -> 43 | I130: =INDEX('اکسسوری حذف از لیست اصلی'!G:G,MATCH(K130,'اکسسوری حذف از لیست اصلی'!T:T,0)) -> 69 | J130: =INDEX('اکسسوری حذف از لیست اصلی'!J:J,MATCH(K130,'اکسسوری حذف از لیست اصلی'!T:T,0)) -> 124000000 | K130: 3
D131: 4 | E131: =INDEX('اکسسوری حذف از لیست اصلی'!C:C,MATCH(K131,'اکسسوری حذف از لیست اصلی'!T:T,0)) -> 9901010004 | F131: =INDEX('اکسسوری حذف از لیست اصلی'!D:D,MATCH(K131,'اکسسوری حذف از لیست اصلی'!T:T,0)) -> آباژور رومیزی چوبی کرم TL-W004 | G131: =INDEX('اکسسوری حذف از لیست اصلی'!E:E,MATCH(K131,'اکسسوری حذف از لیست اصلی'!T:T,0)) -> 43 | H131: =INDEX('اکسسوری حذف از لیست اصلی'!F:F,MATCH(K131,'اکسسوری حذف از لیست اصلی'!T:T,0)) -> 43 | I131: =INDEX('اکسسوری حذف از لیست اصلی'!G:G,MATCH(K131,'اکسسوری حذف از لیست اصلی'!T:T,0)) -> 69 | J131: =INDEX('اکسسوری حذف از لیست اصلی'!J:J,MATCH(K131,'اکسسوری حذف از لیست اصلی'!T:T,0)) -> 124000000 | K131: 4
D132: 5 | E132: =INDEX('اکسسوری حذف از لیست اصلی'!C:C,MATCH(K132,'اکسسوری حذف از لیست اصلی'!T:T,0)) -> 9901010005 | F132: =INDEX('اکسسوری حذف از لیست اصلی'!D:D,MATCH(K132,'اکسسوری حذف از لیست اصلی'!T:T,0)) -> آباژور رومیزی چوبی طوسی TL-W005 | G132: =INDEX('اکسسوری حذف از لیست اصلی'!E:E,MATCH(K132,'اکسسوری حذف از لیست اصلی'!T:T,0)) -> 43 | H132: =INDEX('اکسسوری حذف از لیست اصلی'!F:F,MATCH(K132,'اکسسوری حذف از لیست اصلی'!T:T,0)) -> 43 | I132: =INDEX('اکسسوری حذف از لیست اصلی'!G:G,MATCH(K132,'اکسسوری حذف از لیست اصلی'!T:T,0)) -> 64 | J132: =INDEX('اکسسوری حذف از لیست اصلی'!J:J,MATCH(K132,'اکسسوری حذف از لیست اصلی'!T:T,0)) -> 124000000 | K132: 5
D133: 6 | E133: =INDEX('اکسسوری حذف از لیست اصلی'!C:C,MATCH(K133,'اکسسوری حذف از لیست اصلی'!T:T,0)) -> 9901010006 | F133: =INDEX('اکسسوری حذف از لیست اصلی'!D:D,MATCH(K133,'اکسسوری حذف از لیست اصلی'!T:T,0)) -> آباژور رومیزی چوبی قهوه ای TL-W006 | G133: =INDEX('اکسسوری حذف از لیست اصلی'!E:E,MATCH(K133,'اکسسوری حذف از لیست اصلی'!T:T,0)) -> 43 | H133: =INDEX('اکسسوری حذف از لیست اصلی'!F:F,MATCH(K133,'اکسسوری حذف از لیست اصلی'!T:T,0)) -> 43 | I133: =INDEX('اکسسوری حذف از لیست اصلی'!G:G,MATCH(K133,'اکسسوری حذف از لیست اصلی'!T:T,0)) -> 64 | J133: =INDEX('اکسسوری حذف از لیست اصلی'!J:J,MATCH(K133,'اکسسوری حذف از لیست اصلی'!T:T,0)) -> 124000000 | K133: 6
D134: 7 | E134: =INDEX('اکسسوری حذف از لیست اصلی'!C:C,MATCH(K134,'اکسسوری حذف از لیست اصلی'!T:T,0)) -> 9901010007 | F134: =INDEX('اکسسوری حذف از لیست اصلی'!D:D,MATCH(K134,'اکسسوری حذف از لیست اصلی'!T:T,0)) -> آباژور رومیزی چوبی مشکی TL-W007 | G134: =INDEX('اکسسوری حذف از لیست اصلی'!E:E,MATCH(K134,'اکسسوری حذف از لیست اصلی'!T:T,0)) -> 43 | H134: =INDEX('اکسسوری حذف از لیست اصلی'!F:F,MATCH(K134,'اکسسوری حذف از لیست اصلی'!T:T,0)) -> 43 | I134: =INDEX('اکسسوری حذف از لیست اصلی'!G:G,MATCH(K134,'اکسسوری حذف از لیست اصلی'!T:T,0)) -> 69 | J134: =INDEX('اکسسوری حذف از لیست اصلی'!J:J,MATCH(K134,'اکسسوری حذف از لیست اصلی'!T:T,0)) -> 124000000 | K134: 7
D135: 8 | E135: =INDEX('اکسسوری حذف از لیست اصلی'!C:C,MATCH(K135,'اکسسوری حذف از لیست اصلی'!T:T,0)) -> 9901010008 | F135: =INDEX('اکسسوری حذف از لیست اصلی'!D:D,MATCH(K135,'اکسسوری حذف از لیست اصلی'!T:T,0)) -> آباژور رومیزی چوبی سفید TL-W008 | G135: =INDEX('اکسسوری حذف از لیست اصلی'!E:E,MATCH(K135,'اکسسوری حذف از لیست اصلی'!T:T,0)) -> 43 | H135: =INDEX('اکسسوری حذف از لیست اصلی'!F:F,MATCH(K135,'اکسسوری حذف از لیست اصلی'!T:T,0)) -> 43 | I135: =INDEX('اکسسوری حذف از لیست اصلی'!G:G,MATCH(K135,'اکسسوری حذف از لیست اصلی'!T:T,0)) -> 69 | J135: =INDEX('اکسسوری حذف از لیست اصلی'!J:J,MATCH(K135,'اکسسوری حذف از لیست اصلی'!T:T,0)) -> 124000000 | K135: 8
D136: 9 | E136: =INDEX('اکسسوری حذف از لیست اصلی'!C:C,MATCH(K136,'اکسسوری حذف از لیست اصلی'!T:T,0)) -> 9901010009 | F136: =INDEX('اکسسوری حذف از لیست اصلی'!D:D,MATCH(K136,'اکسسوری حذف از لیست اصلی'!T:T,0)) -> آباژور رومیزی چوبی مشکی TL-W009 | G136: =INDEX('اکسسوری حذف از لیست اصلی'!E:E,MATCH(K136,'اکسسوری حذف از لیست اصلی'!T:T,0)) -> 43 | H136: =INDEX('اکسسوری حذف از لیست اصلی'!F:F,MATCH(K136,'اکسسوری حذف از لیست اصلی'!T:T,0)) -> 43 | I136: =INDEX('اکسسوری حذف از لیست اصلی'!G:G,MATCH(K136,'اکسسوری حذف از لیست اصلی'!T:T,0)) -> 65 | J136: =INDEX('اکسسوری حذف از لیست اصلی'!J:J,MATCH(K136,'اکسسوری حذف از لیست اصلی'!T:T,0)) -> 124000000 | K136: 9
D137: 10 | E137: =INDEX('اکسسوری حذف از لیست اصلی'!C:C,MATCH(K137,'اکسسوری حذف از لیست اصلی'!T:T,0)) -> 9901010010 | F137: =INDEX('اکسسوری حذف از لیست اصلی'!D:D,MATCH(K137,'اکسسوری حذف از لیست اصلی'!T:T,0)) -> آباژور رومیزی سنگی TL-S010 | G137: =INDEX('اکسسوری حذف از لیست اصلی'!E:E,MATCH(K137,'اکسسوری حذف از لیست اصلی'!T:T,0)) -> 22 | H137: =INDEX('اکسسوری حذف از لیست اصلی'!F:F,MATCH(K137,'اکسسوری حذف از لیست اصلی'!T:T,0)) -> 22 | I137: =INDEX('اکسسوری حذف از لیست اصلی'!G:G,MATCH(K137,'اکسسوری حذف از لیست اصلی'!T:T,0)) -> 63 | J137: =INDEX('اکسسوری حذف از لیست اصلی'!J:J,MATCH(K137,'اکسسوری حذف از لیست اصلی'!T:T,0)) -> 99000000 | K137: 10
D138: 11 | E138: =INDEX('اکسسوری حذف از لیست اصلی'!C:C,MATCH(K138,'اکسسوری حذف از لیست اصلی'!T:T,0)) -> 9901010011 | F138: =INDEX('اکسسوری حذف از لیست اصلی'!D:D,MATCH(K138,'اکسسوری حذف از لیست اصلی'!T:T,0)) -> آباژور رومیزی چوبی کرم طلایی TL-W011 | G138: =INDEX('اکسسوری حذف از لیست اصلی'!E:E,MATCH(K138,'اکسسوری حذف از لیست اصلی'!T:T,0)) -> 35 | H138: =INDEX('اکسسوری حذف از لیست اصلی'!F:F,MATCH(K138,'اکسسوری حذف از لیست اصلی'!T:T,0)) -> 35 | I138: =INDEX('اکسسوری حذف از لیست اصلی'!G:G,MATCH(K138,'اکسسوری حذف از لیست اصلی'!T:T,0)) -> 64 | J138: =INDEX('اکسسوری حذف از لیست اصلی'!J:J,MATCH(K138,'اکسسوری حذف از لیست اصلی'!T:T,0)) -> 124000000 | K138: 11
D139: 12 | E139: =INDEX('اکسسوری حذف از لیست اصلی'!C:C,MATCH(K139,'اکسسوری حذف از لیست اصلی'!T:T,0)) -> 9901010012 | F139: =INDEX('اکسسوری حذف از لیست اصلی'!D:D,MATCH(K139,'اکسسوری حذف از لیست اصلی'!T:T,0)) -> آباژور رومیزی چوبی مارون TL-W012 | G139: =INDEX('اکسسوری حذف از لیست اصلی'!E:E,MATCH(K139,'اکسسوری حذف از لیست اصلی'!T:T,0)) -> 43 | H139: =INDEX('اکسسوری حذف از لیست اصلی'!F:F,MATCH(K139,'اکسسوری حذف از لیست اصلی'!T:T,0)) -> 43 | I139: =INDEX('اکسسوری حذف از لیست اصلی'!G:G,MATCH(K139,'اکسسوری حذف از لیست اصلی'!T:T,0)) -> 70 | J139: =INDEX('اکسسوری حذف از لیست اصلی'!J:J,MATCH(K139,'اکسسوری حذف از لیست اصلی'!T:T,0)) -> 124000000 | K139: 12
... D147: 20 | E147: =INDEX('اکسسوری حذف از لیست اصلی'!C:C,MATCH(K147,'اکسسوری حذف از لیست اصلی'!T:T,0)) -> 9901010021 | F147: =INDEX('اکسسوری حذف از لیست اصلی'!D:D,MATCH(K147,'اکسسوری حذف از لیست اصلی'!T:T,0)) -> آباژور رومیزی استیل نقره ای TL-ST021 | G147: =INDEX('اکسسوری حذف از لیست اصلی'!E:E,MATCH(K147,'اکسسوری حذف از لیست اصلی'!T:T,0)) -> 45 | H147: =INDEX('اکسسوری حذف از لیست اصلی'!F:F,MATCH(K147,'اکسسوری حذف از لیست اصلی'!T:T,0)) -> 45 | I147: =INDEX('اکسسوری حذف از لیست اصلی'!G:G,MATCH(K147,'اکسسوری حذف از لیست اصلی'!T:T,0)) -> 85 | J147: =INDEX('اکسسوری حذف از لیست اصلی'!J:J,MATCH(K147,'اکسسوری حذف از لیست اصلی'!T:T,0)) -> 99000000 | K147: 20
J148: 3
D151: آّباژور رومیزی | J151: =$N$1 -> 1405/02/23
D152: ردیف | E152: کد کالا | F152: شرح کالا | G152: طول (cm) | H152: عرض (cm) | I152: ارتفاع (cm) | J152: قیمت (ریال)
D153: 21 | E153: =INDEX('اکسسوری حذف از لیست اصلی'!C:C,MATCH(K153,'اکسسوری حذف از لیست اصلی'!T:T,0)) -> 9901010022 | F153: =INDEX('اکسسوری حذف از لیست اصلی'!D:D,MATCH(K153,'اکسسوری حذف از لیست اصلی'!T:T,0)) -> آباژور رومیزی سفالی کرم TL-C022 | G153: =INDEX('اکسسوری حذف از لیست اصلی'!E:E,MATCH(K153,'اکسسوری حذف از لیست اصلی'!T:T,0)) -> 45 | H153: =INDEX('اکسسوری حذف از لیست اصلی'!F:F,MATCH(K153,'اکسسوری حذف از لیست اصلی'!T:T,0)) -> 45 | I153: =INDEX('اکسسوری حذف از لیست اصلی'!G:G,MATCH(K153,'اکسسوری حذف از لیست اصلی'!T:T,0)) -> 55 | J153: =INDEX('اکسسوری حذف از لیست اصلی'!J:J,MATCH(K153,'اکسسوری حذف از لیست اصلی'!T:T,0)) -> 165000000 | K153: 21
D154: 22 | E154: =INDEX('اکسسوری حذف از لیست اصلی'!C:C,MATCH(K154,'اکسسوری حذف از لیست اصلی'!T:T,0)) -> 9901010023 | F154: =INDEX('اکسسوری حذف از لیست اصلی'!D:D,MATCH(K154,'اکسسوری حذف از لیست اصلی'!T:T,0)) -> آباژور رومیزی سفالی خاکی TL-C023 | G154: =INDEX('اکسسوری حذف از لیست اصلی'!E:E,MATCH(K154,'اکسسوری حذف از لیست اصلی'!T:T,0)) -> 45 | H154: =INDEX('اکسسوری حذف از لیست اصلی'!F:F,MATCH(K154,'اکسسوری حذف از لیست اصلی'!T:T,0)) -> 45 | I154: =INDEX('اکسسوری حذف از لیست اصلی'!G:G,MATCH(K154,'اکسسوری حذف از لیست اصلی'!T:T,0)) -> 50 | J154: =INDEX('اکسسوری حذف از لیست اصلی'!J:J,MATCH(K154,'اکسسوری حذف از لیست اصلی'!T:T,0)) -> 165000000 | K154: 22
D155: 23 | E155: =INDEX('اکسسوری حذف از لیست اصلی'!C:C,MATCH(K155,'اکسسوری حذف از لیست اصلی'!T:T,0)) -> 9901010024 | F155: =INDEX('اکسسوری حذف از لیست اصلی'!D:D,MATCH(K155,'اکسسوری حذف از لیست اصلی'!T:T,0)) -> آباژور رومیزی سفالی فیلی TL-C024 | G155: =INDEX('اکسسوری حذف از لیست اصلی'!E:E,MATCH(K155,'اکسسوری حذف از لیست اصلی'!T:T,0)) -> 45 | H155: =INDEX('اکسسوری حذف از لیست اصلی'!F:F,MATCH(K155,'اکسسوری حذف از لیست اصلی'!T:T,0)) -> 45 | I155: =INDEX('اکسسوری حذف از لیست اصلی'!G:G,MATCH(K155,'اکسسوری حذف از لیست اصلی'!T:T,0)) -> 48 | J155: =INDEX('اکسسوری حذف از لیست اصلی'!J:J,MATCH(K155,'اکسسوری حذف از لیست اصلی'!T:T,0)) -> 126000000 | K155: 23
D156: 24 | E156: =INDEX('اکسسوری حذف از لیست اصلی'!C:C,MATCH(K156,'اکسسوری حذف از لیست اصلی'!T:T,0)) -> 9901010025 | F156: =INDEX('اکسسوری حذف از لیست اصلی'!D:D,MATCH(K156,'اکسسوری حذف از لیست اصلی'!T:T,0)) -> آباژور رومیزی سفالی طوسی TL-C025 | G156: =INDEX('اکسسوری حذف از لیست اصلی'!E:E,MATCH(K156,'اکسسوری حذف از لیست اصلی'!T:T,0)) -> 45 | H156: =INDEX('اکسسوری حذف از لیست اصلی'!F:F,MATCH(K156,'اکسسوری حذف از لیست اصلی'!T:T,0)) -> 45 | I156: =INDEX('اکسسوری حذف از لیست اصلی'!G:G,MATCH(K156,'اکسسوری حذف از لیست اصلی'!T:T,0)) -> 48 | J156: =INDEX('اکسسوری حذف از لیست اصلی'!J:J,MATCH(K156,'اکسسوری حذف از لیست اصلی'!T:T,0)) -> 126000000 | K156: 24
D157: 25 | E157: =INDEX('اکسسوری حذف از لیست اصلی'!C:C,MATCH(K157,'اکسسوری حذف از لیست اصلی'!T:T,0)) -> 9901010026 | F157: =INDEX('اکسسوری حذف از لیست اصلی'!D:D,MATCH(K157,'اکسسوری حذف از لیست اصلی'!T:T,0)) -> آباژور رومیزی سفالی قهوه ای TL-C026 | G157: =INDEX('اکسسوری حذف از لیست اصلی'!E:E,MATCH(K157,'اکسسوری حذف از لیست اصلی'!T:T,0)) -> 45 | H157: =INDEX('اکسسوری حذف از لیست اصلی'!F:F,MATCH(K157,'اکسسوری حذف از لیست اصلی'!T:T,0)) -> 45 | I157: =INDEX('اکسسوری حذف از لیست اصلی'!G:G,MATCH(K157,'اکسسوری حذف از لیست اصلی'!T:T,0)) -> 52 | J157: =INDEX('اکسسوری حذف از لیست اصلی'!J:J,MATCH(K157,'اکسسوری حذف از لیست اصلی'!T:T,0)) -> 126000000 | K157: 25
D158: 26 | E158: =INDEX('اکسسوری حذف از لیست اصلی'!C:C,MATCH(K158,'اکسسوری حذف از لیست اصلی'!T:T,0)) -> 9901010027 | F158: =INDEX('اکسسوری حذف از لیست اصلی'!D:D,MATCH(K158,'اکسسوری حذف از لیست اصلی'!T:T,0)) -> آباژور رومیزی سرامیکی آبی TL-C027 | G158: =INDEX('اکسسوری حذف از لیست اصلی'!E:E,MATCH(K158,'اکسسوری حذف از لیست اصلی'!T:T,0)) -> - | H158: =INDEX('اکسسوری حذف از لیست اصلی'!F:F,MATCH(K158,'اکسسوری حذف از لیست اصلی'!T:T,0)) -> - | I158: =INDEX('اکسسوری حذف از لیست اصلی'!G:G,MATCH(K158,'اکسسوری حذف از لیست اصلی'!T:T,0)) -> - | J158: =INDEX('اکسسوری حذف از لیست اصلی'!J:J,MATCH(K158,'اکسسوری حذف از لیست اصلی'!T:T,0)) -> 86000000 | K158: 26
D159: 27 | E159: =INDEX('اکسسوری حذف از لیست اصلی'!C:C,MATCH(K159,'اکسسوری حذف از لیست اصلی'!T:T,0)) -> 9901010029 | F159: =INDEX('اکسسوری حذف از لیست اصلی'!D:D,MATCH(K159,'اکسسوری حذف از لیست اصلی'!T:T,0)) -> آباژور رومیزی سرامیکی آبی TL-CR029 | G159: =INDEX('اکسسوری حذف از لیست اصلی'!E:E,MATCH(K159,'اکسسوری حذف از لیست اصلی'!T:T,0)) -> 22 | H159: =INDEX('اکسسوری حذف از لیست اصلی'!F:F,MATCH(K159,'اکسسوری حذف از لیست اصلی'!T:T,0)) -> 22 | I159: =INDEX('اکسسوری حذف از لیست اصلی'!G:G,MATCH(K159,'اکسسوری حذف از لیست اصلی'!T:T,0)) -> 59 | J159: =INDEX('اکسسوری حذف از لیست اصلی'!J:J,MATCH(K159,'اکسسوری حذف از لیست اصلی'!T:T,0)) -> 86000000 | K159: 27
D160: 28 | E160: =INDEX('اکسسوری حذف از لیست اصلی'!C:C,MATCH(K160,'اکسسوری حذف از لیست اصلی'!T:T,0)) -> 9901010030 | F160: =INDEX('اکسسوری حذف از لیست اصلی'!D:D,MATCH(K160,'اکسسوری حذف از لیست اصلی'!T:T,0)) -> آباژور رومیزی سنگی مشکی TL-S030 | G160: =INDEX('اکسسوری حذف از لیست اصلی'!E:E,MATCH(K160,'اکسسوری حذف از لیست اصلی'!T:T,0)) -> 35 | H160: =INDEX('اکسسوری حذف از لیست اصلی'!F:F,MATCH(K160,'اکسسوری حذف از لیست اصلی'!T:T,0)) -> 35 | I160: =INDEX('اکسسوری حذف از لیست اصلی'!G:G,MATCH(K160,'اکسسوری حذف از لیست اصلی'!T:T,0)) -> 39 | J160: =INDEX('اکسسوری حذف از لیست اصلی'!J:J,MATCH(K160,'اکسسوری حذف از لیست اصلی'!T:T,0)) -> 123000000 | K160: 28
D161: 29 | E161: =INDEX('اکسسوری حذف از لیست اصلی'!C:C,MATCH(K161,'اکسسوری حذف از لیست اصلی'!T:T,0)) -> 9901010031 | F161: =INDEX('اکسسوری حذف از لیست اصلی'!D:D,MATCH(K161,'اکسسوری حذف از لیست اصلی'!T:T,0)) -> آباژور رومیزی استیل نقره ای TL-ST031 | G161: =INDEX('اکسسوری حذف از لیست اصلی'!E:E,MATCH(K161,'اکسسوری حذف از لیست اصلی'!T:T,0)) -> 42 | H161: =INDEX('اکسسوری حذف از لیست اصلی'!F:F,MATCH(K161,'اکسسوری حذف از لیست اصلی'!T:T,0)) -> 26 | I161: =INDEX('اکسسوری حذف از لیست اصلی'!G:G,MATCH(K161,'اکسسوری حذف از لیست اصلی'!T:T,0)) -> 67 | J161: =INDEX('اکسسوری حذف از لیست اصلی'!J:J,MATCH(K161,'اکسسوری حذف از لیست اصلی'!T:T,0)) -> 99000000 | K161: 29
D162: 30 | E162: =INDEX('اکسسوری حذف از لیست اصلی'!C:C,MATCH(K162,'اکسسوری حذف از لیست اصلی'!T:T,0)) -> 9901010032 | F162: =INDEX('اکسسوری حذف از لیست اصلی'!D:D,MATCH(K162,'اکسسوری حذف از لیست اصلی'!T:T,0)) -> آباژور رومیزی استیل طلاییTL-ST032 | G162: =INDEX('اکسسوری حذف از لیست اصلی'!E:E,MATCH(K162,'اکسسوری حذف از لیست اصلی'!T:T,0)) -> 40 | H162: =INDEX('اکسسوری حذف از لیست اصلی'!F:F,MATCH(K162,'اکسسوری حذف از لیست اصلی'!T:T,0)) -> 40 | I162: =INDEX('اکسسوری حذف از لیست اصلی'!G:G,MATCH(K162,'اکسسوری حذف از لیست اصلی'!T:T,0)) -> 75 | J162: =INDEX('اکسسوری حذف از لیست اصلی'!J:J,MATCH(K162,'اکسسوری حذف از لیست اصلی'!T:T,0)) -> 173000000 | K162: 30
D163: 31 | E163: =INDEX('اکسسوری حذف از لیست اصلی'!C:C,MATCH(K163,'اکسسوری حذف از لیست اصلی'!T:T,0)) -> 9901010075 | F163: =INDEX('اکسسوری حذف از لیست اصلی'!D:D,MATCH(K163,'اکسسوری حذف از لیست اصلی'!T:T,0)) -> آباژور رومیزی چوبی خودرنگ TL-W075 | G163: =INDEX('اکسسوری حذف از لیست اصلی'!E:E,MATCH(K163,'اکسسوری حذف از لیست اصلی'!T:T,0)) -> 30 | H163: =INDEX('اکسسوری حذف از لیست اصلی'!F:F,MATCH(K163,'اکسسوری حذف از لیست اصلی'!T:T,0)) -> 20 | I163: =INDEX('اکسسوری حذف از لیست اصلی'!G:G,MATCH(K163,'اکسسوری حذف از لیست اصلی'!T:T,0)) -> 60 | J163: =INDEX('اکسسوری حذف از لیست اصلی'!J:J,MATCH(K163,'اکسسوری حذف از لیست اصلی'!T:T,0)) -> 142000000 | K163: 31
D164: 32 | E164: =INDEX('اکسسوری حذف از لیست اصلی'!C:C,MATCH(K164,'اکسسوری حذف از لیست اصلی'!T:T,0)) -> 9901010076 | F164: =INDEX('اکسسوری حذف از لیست اصلی'!D:D,MATCH(K164,'اکسسوری حذف از لیست اصلی'!T:T,0)) -> آباژور رومیزی چوبی خودرنگ TL-W076 | G164: =INDEX('اکسسوری حذف از لیست اصلی'!E:E,MATCH(K164,'اکسسوری حذف از لیست اصلی'!T:T,0)) -> 35 | H164: =INDEX('اکسسوری حذف از لیست اصلی'!F:F,MATCH(K164,'اکسسوری حذف از لیست اصلی'!T:T,0)) -> 15 | I164: =INDEX('اکسسوری حذف از لیست اصلی'!G:G,MATCH(K164,'اکسسوری حذف از لیست اصلی'!T:T,0)) -> 52 | J164: =INDEX('اکسسوری حذف از لیست اصلی'!J:J,MATCH(K164,'اکسسوری حذف از لیست اصلی'!T:T,0)) -> 142000000 | K164: 32
... D172: 40 | E172: =INDEX('اکسسوری حذف از لیست اصلی'!C:C,MATCH(K172,'اکسسوری حذف از لیست اصلی'!T:T,0)) -> 9901010090 | F172: =INDEX('اکسسوری حذف از لیست اصلی'!D:D,MATCH(K172,'اکسسوری حذف از لیست اصلی'!T:T,0)) -> آباژور رومیزی چوبی خودرنگ TL-W090 | G172: =INDEX('اکسسوری حذف از لیست اصلی'!E:E,MATCH(K172,'اکسسوری حذف از لیست اصلی'!T:T,0)) -> 30 | H172: =INDEX('اکسسوری حذف از لیست اصلی'!F:F,MATCH(K172,'اکسسوری حذف از لیست اصلی'!T:T,0)) -> 20 | I172: =INDEX('اکسسوری حذف از لیست اصلی'!G:G,MATCH(K172,'اکسسوری حذف از لیست اصلی'!T:T,0)) -> 60 | J172: =INDEX('اکسسوری حذف از لیست اصلی'!J:J,MATCH(K172,'اکسسوری حذف از لیست اصلی'!T:T,0)) -> 141000000 | K172: 40
J173: 4
D176: آّباژور رومیزی | J176: =$N$1 -> 1405/02/23
D177: ردیف | E177: کد کالا | F177: شرح کالا | G177: طول (cm) | H177: عرض (cm) | I177: ارتفاع (cm) | J177: قیمت (ریال)
D178: 41 | E178: =INDEX('اکسسوری حذف از لیست اصلی'!C:C,MATCH(K178,'اکسسوری حذف از لیست اصلی'!T:T,0)) -> 9901010091 | F178: =INDEX('اکسسوری حذف از لیست اصلی'!D:D,MATCH(K178,'اکسسوری حذف از لیست اصلی'!T:T,0)) -> آباژور رومیزی چوبی خودرنگ TL-W091 | G178: =INDEX('اکسسوری حذف از لیست اصلی'!E:E,MATCH(K178,'اکسسوری حذف از لیست اصلی'!T:T,0)) -> 35 | H178: =INDEX('اکسسوری حذف از لیست اصلی'!F:F,MATCH(K178,'اکسسوری حذف از لیست اصلی'!T:T,0)) -> 15 | I178: =INDEX('اکسسوری حذف از لیست اصلی'!G:G,MATCH(K178,'اکسسوری حذف از لیست اصلی'!T:T,0)) -> 52 | J178: =INDEX('اکسسوری حذف از لیست اصلی'!J:J,MATCH(K178,'اکسسوری حذف از لیست اصلی'!T:T,0)) -> 141000000 | K178: 41
D179: 42 | E179: =INDEX('اکسسوری حذف از لیست اصلی'!C:C,MATCH(K179,'اکسسوری حذف از لیست اصلی'!T:T,0)) -> 9901010092 | F179: =INDEX('اکسسوری حذف از لیست اصلی'!D:D,MATCH(K179,'اکسسوری حذف از لیست اصلی'!T:T,0)) -> آباژور رومیزی چوبی خودرنگ TL-W092 | G179: =INDEX('اکسسوری حذف از لیست اصلی'!E:E,MATCH(K179,'اکسسوری حذف از لیست اصلی'!T:T,0)) -> 35 | H179: =INDEX('اکسسوری حذف از لیست اصلی'!F:F,MATCH(K179,'اکسسوری حذف از لیست اصلی'!T:T,0)) -> 20 | I179: =INDEX('اکسسوری حذف از لیست اصلی'!G:G,MATCH(K179,'اکسسوری حذف از لیست اصلی'!T:T,0)) -> 59 | J179: =INDEX('اکسسوری حذف از لیست اصلی'!J:J,MATCH(K179,'اکسسوری حذف از لیست اصلی'!T:T,0)) -> 162000000 | K179: 42
D180: 43 | E180: =INDEX('اکسسوری حذف از لیست اصلی'!C:C,MATCH(K180,'اکسسوری حذف از لیست اصلی'!T:T,0)) -> 9901010093 | F180: =INDEX('اکسسوری حذف از لیست اصلی'!D:D,MATCH(K180,'اکسسوری حذف از لیست اصلی'!T:T,0)) -> آباژور رومیزی سرامیکی مشکیTL-CR093 | G180: =INDEX('اکسسوری حذف از لیست اصلی'!E:E,MATCH(K180,'اکسسوری حذف از لیست اصلی'!T:T,0)) -> 40 | H180: =INDEX('اکسسوری حذف از لیست اصلی'!F:F,MATCH(K180,'اکسسوری حذف از لیست اصلی'!T:T,0)) -> 40 | I180: =INDEX('اکسسوری حذف از لیست اصلی'!G:G,MATCH(K180,'اکسسوری حذف از لیست اصلی'!T:T,0)) -> 67 | J180: =INDEX('اکسسوری حذف از لیست اصلی'!J:J,MATCH(K180,'اکسسوری حذف از لیست اصلی'!T:T,0)) -> 132000000 | K180: 43
D181: 44 | E181: =INDEX('اکسسوری حذف از لیست اصلی'!C:C,MATCH(K181,'اکسسوری حذف از لیست اصلی'!T:T,0)) -> 9901010094 | F181: =INDEX('اکسسوری حذف از لیست اصلی'!D:D,MATCH(K181,'اکسسوری حذف از لیست اصلی'!T:T,0)) -> آباژور رومیزی سرامیکی سفید TL-CR094 | G181: =INDEX('اکسسوری حذف از لیست اصلی'!E:E,MATCH(K181,'اکسسوری حذف از لیست اصلی'!T:T,0)) -> 40 | H181: =INDEX('اکسسوری حذف از لیست اصلی'!F:F,MATCH(K181,'اکسسوری حذف از لیست اصلی'!T:T,0)) -> 40 | I181: =INDEX('اکسسوری حذف از لیست اصلی'!G:G,MATCH(K181,'اکسسوری حذف از لیست اصلی'!T:T,0)) -> 62 | J181: =INDEX('اکسسوری حذف از لیست اصلی'!J:J,MATCH(K181,'اکسسوری حذف از لیست اصلی'!T:T,0)) -> 132000000 | K181: 44
D182: 45 | E182: =INDEX('اکسسوری حذف از لیست اصلی'!C:C,MATCH(K182,'اکسسوری حذف از لیست اصلی'!T:T,0)) -> 9901010095 | F182: =INDEX('اکسسوری حذف از لیست اصلی'!D:D,MATCH(K182,'اکسسوری حذف از لیست اصلی'!T:T,0)) -> آباژور رومیزی سفالی سفید TL-C095 | G182: =INDEX('اکسسوری حذف از لیست اصلی'!E:E,MATCH(K182,'اکسسوری حذف از لیست اصلی'!T:T,0)) -> 22 | H182: =INDEX('اکسسوری حذف از لیست اصلی'!F:F,MATCH(K182,'اکسسوری حذف از لیست اصلی'!T:T,0)) -> 22 | I182: =INDEX('اکسسوری حذف از لیست اصلی'!G:G,MATCH(K182,'اکسسوری حذف از لیست اصلی'!T:T,0)) -> 42 | J182: =INDEX('اکسسوری حذف از لیست اصلی'!J:J,MATCH(K182,'اکسسوری حذف از لیست اصلی'!T:T,0)) -> 86000000 | K182: 45
D183: 46 | E183: =INDEX('اکسسوری حذف از لیست اصلی'!C:C,MATCH(K183,'اکسسوری حذف از لیست اصلی'!T:T,0)) -> 9901010096 | F183: =INDEX('اکسسوری حذف از لیست اصلی'!D:D,MATCH(K183,'اکسسوری حذف از لیست اصلی'!T:T,0)) -> آباژور رومیزی سفالی سفید TL-C096 | G183: =INDEX('اکسسوری حذف از لیست اصلی'!E:E,MATCH(K183,'اکسسوری حذف از لیست اصلی'!T:T,0)) -> 25 | H183: =INDEX('اکسسوری حذف از لیست اصلی'!F:F,MATCH(K183,'اکسسوری حذف از لیست اصلی'!T:T,0)) -> 25 | I183: =INDEX('اکسسوری حذف از لیست اصلی'!G:G,MATCH(K183,'اکسسوری حذف از لیست اصلی'!T:T,0)) -> 51 | J183: =INDEX('اکسسوری حذف از لیست اصلی'!J:J,MATCH(K183,'اکسسوری حذف از لیست اصلی'!T:T,0)) -> 97000000 | K183: 46
D184: 47 | E184: =INDEX('اکسسوری حذف از لیست اصلی'!C:C,MATCH(K184,'اکسسوری حذف از لیست اصلی'!T:T,0)) -> 9901010097 | F184: =INDEX('اکسسوری حذف از لیست اصلی'!D:D,MATCH(K184,'اکسسوری حذف از لیست اصلی'!T:T,0)) -> آباژور رومیزی سفالی سفید TL-C097 | G184: =INDEX('اکسسوری حذف از لیست اصلی'!E:E,MATCH(K184,'اکسسوری حذف از لیست اصلی'!T:T,0)) -> 35 | H184: =INDEX('اکسسوری حذف از لیست اصلی'!F:F,MATCH(K184,'اکسسوری حذف از لیست اصلی'!T:T,0)) -> 35 | I184: =INDEX('اکسسوری حذف از لیست اصلی'!G:G,MATCH(K184,'اکسسوری حذف از لیست اصلی'!T:T,0)) -> 75 | J184: =INDEX('اکسسوری حذف از لیست اصلی'!J:J,MATCH(K184,'اکسسوری حذف از لیست اصلی'!T:T,0)) -> 128000000 | K184: 47
D185: 48 | E185: =INDEX('اکسسوری حذف از لیست اصلی'!C:C,MATCH(K185,'اکسسوری حذف از لیست اصلی'!T:T,0)) -> 9901010098 | F185: =INDEX('اکسسوری حذف از لیست اصلی'!D:D,MATCH(K185,'اکسسوری حذف از لیست اصلی'!T:T,0)) -> آباژور رومیزی چوبی خودرنگ TL-W098 | G185: =INDEX('اکسسوری حذف از لیست اصلی'!E:E,MATCH(K185,'اکسسوری حذف از لیست اصلی'!T:T,0)) -> 26 | H185: =INDEX('اکسسوری حذف از لیست اصلی'!F:F,MATCH(K185,'اکسسوری حذف از لیست اصلی'!T:T,0)) -> 26 | I185: =INDEX('اکسسوری حذف از لیست اصلی'!G:G,MATCH(K185,'اکسسوری حذف از لیست اصلی'!T:T,0)) -> 54 | J185: =INDEX('اکسسوری حذف از لیست اصلی'!J:J,MATCH(K185,'اکسسوری حذف از لیست اصلی'!T:T,0)) -> 162000000 | K185: 48
D186: 49 | E186: =INDEX('اکسسوری حذف از لیست اصلی'!C:C,MATCH(K186,'اکسسوری حذف از لیست اصلی'!T:T,0)) -> 9901010099 | F186: =INDEX('اکسسوری حذف از لیست اصلی'!D:D,MATCH(K186,'اکسسوری حذف از لیست اصلی'!T:T,0)) -> آباژور رومیزی چوبی خودرنگ TL-W099 | G186: =INDEX('اکسسوری حذف از لیست اصلی'!E:E,MATCH(K186,'اکسسوری حذف از لیست اصلی'!T:T,0)) -> 26 | H186: =INDEX('اکسسوری حذف از لیست اصلی'!F:F,MATCH(K186,'اکسسوری حذف از لیست اصلی'!T:T,0)) -> 26 | I186: =INDEX('اکسسوری حذف از لیست اصلی'!G:G,MATCH(K186,'اکسسوری حذف از لیست اصلی'!T:T,0)) -> 54 | J186: =INDEX('اکسسوری حذف از لیست اصلی'!J:J,MATCH(K186,'اکسسوری حذف از لیست اصلی'!T:T,0)) -> 162000000 | K186: 49
D187: 50 | E187: =INDEX('اکسسوری حذف از لیست اصلی'!C:C,MATCH(K187,'اکسسوری حذف از لیست اصلی'!T:T,0)) -> 9901010100 | F187: =INDEX('اکسسوری حذف از لیست اصلی'!D:D,MATCH(K187,'اکسسوری حذف از لیست اصلی'!T:T,0)) -> آباژور رومیزی چوبی خودرنگ TL-W100 | G187: =INDEX('اکسسوری حذف از لیست اصلی'!E:E,MATCH(K187,'اکسسوری حذف از لیست اصلی'!T:T,0)) -> 26 | H187: =INDEX('اکسسوری حذف از لیست اصلی'!F:F,MATCH(K187,'اکسسوری حذف از لیست اصلی'!T:T,0)) -> 26 | I187: =INDEX('اکسسوری حذف از لیست اصلی'!G:G,MATCH(K187,'اکسسوری حذف از لیست اصلی'!T:T,0)) -> 54 | J187: =INDEX('اکسسوری حذف از لیست اصلی'!J:J,MATCH(K187,'اکسسوری حذف از لیست اصلی'!T:T,0)) -> 162000000 | K187: 50
D188: 51 | E188: =INDEX('اکسسوری حذف از لیست اصلی'!C:C,MATCH(K188,'اکسسوری حذف از لیست اصلی'!T:T,0)) -> 9901010120 | F188: =INDEX('اکسسوری حذف از لیست اصلی'!D:D,MATCH(K188,'اکسسوری حذف از لیست اصلی'!T:T,0)) -> آباژور رومیزی سنگ سفید TL-S120 | G188: =INDEX('اکسسوری حذف از لیست اصلی'!E:E,MATCH(K188,'اکسسوری حذف از لیست اصلی'!T:T,0)) -> 35 | H188: =INDEX('اکسسوری حذف از لیست اصلی'!F:F,MATCH(K188,'اکسسوری حذف از لیست اصلی'!T:T,0)) -> 35 | I188: =INDEX('اکسسوری حذف از لیست اصلی'!G:G,MATCH(K188,'اکسسوری حذف از لیست اصلی'!T:T,0)) -> 55 | J188: =INDEX('اکسسوری حذف از لیست اصلی'!J:J,MATCH(K188,'اکسسوری حذف از لیست اصلی'!T:T,0)) -> 124000000 | K188: 51
D189: 52 | E189: =INDEX('اکسسوری حذف از لیست اصلی'!C:C,MATCH(K189,'اکسسوری حذف از لیست اصلی'!T:T,0)) -> 9901010121 | F189: =INDEX('اکسسوری حذف از لیست اصلی'!D:D,MATCH(K189,'اکسسوری حذف از لیست اصلی'!T:T,0)) -> آباژور رومیزی چوبی مشکی TL-W121 | G189: =INDEX('اکسسوری حذف از لیست اصلی'!E:E,MATCH(K189,'اکسسوری حذف از لیست اصلی'!T:T,0)) -> 35 | H189: =INDEX('اکسسوری حذف از لیست اصلی'!F:F,MATCH(K189,'اکسسوری حذف از لیست اصلی'!T:T,0)) -> 35 | I189: =INDEX('اکسسوری حذف از لیست اصلی'!G:G,MATCH(K189,'اکسسوری حذف از لیست اصلی'!T:T,0)) -> 60 | J189: =INDEX('اکسسوری حذف از لیست اصلی'!J:J,MATCH(K189,'اکسسوری حذف از لیست اصلی'!T:T,0)) -> 163000000 | K189: 52
... D197: 60 | E197: =INDEX('اکسسوری حذف از لیست اصلی'!C:C,MATCH(K197,'اکسسوری حذف از لیست اصلی'!T:T,0)) -> 9901010176 | F197: =INDEX('اکسسوری حذف از لیست اصلی'!D:D,MATCH(K197,'اکسسوری حذف از لیست اصلی'!T:T,0)) -> آباژور رومیزی سفالی نسکافه ای TL-C176 | G197: =INDEX('اکسسوری حذف از لیست اصلی'!E:E,MATCH(K197,'اکسسوری حذف از لیست اصلی'!T:T,0)) -> - | H197: =INDEX('اکسسوری حذف از لیست اصلی'!F:F,MATCH(K197,'اکسسوری حذف از لیست اصلی'!T:T,0)) -> - | I197: =INDEX('اکسسوری حذف از لیست اصلی'!G:G,MATCH(K197,'اکسسوری حذف از لیست اصلی'!T:T,0)) -> - | J197: =INDEX('اکسسوری حذف از لیست اصلی'!J:J,MATCH(K197,'اکسسوری حذف از لیست اصلی'!T:T,0)) -> 112000000 | K197: 60
J199: 5
D202: آّباژور رومیزی | J202: =$N$1 -> 1405/02/23
D203: ردیف | E203: کد کالا | F203: شرح کالا | G203: طول (cm) | H203: عرض (cm) | I203: ارتفاع (cm) | J203: قیمت (ریال)
D204: 61 | E204: =INDEX('اکسسوری حذف از لیست اصلی'!C:C,MATCH(K204,'اکسسوری حذف از لیست اصلی'!T:T,0)) -> 9901010177 | F204: =INDEX('اکسسوری حذف از لیست اصلی'!D:D,MATCH(K204,'اکسسوری حذف از لیست اصلی'!T:T,0)) -> آباژور رومیزی سنگ سفید TL-S177 | G204: =INDEX('اکسسوری حذف از لیست اصلی'!E:E,MATCH(K204,'اکسسوری حذف از لیست اصلی'!T:T,0)) -> - | H204: =INDEX('اکسسوری حذف از لیست اصلی'!F:F,MATCH(K204,'اکسسوری حذف از لیست اصلی'!T:T,0)) -> - | I204: =INDEX('اکسسوری حذف از لیست اصلی'!G:G,MATCH(K204,'اکسسوری حذف از لیست اصلی'!T:T,0)) -> - | J204: =INDEX('اکسسوری حذف از لیست اصلی'!J:J,MATCH(K204,'اکسسوری حذف از لیست اصلی'!T:T,0)) -> 112000000 | K204: 61
D205: 62 | E205: =INDEX('اکسسوری حذف از لیست اصلی'!C:C,MATCH(K205,'اکسسوری حذف از لیست اصلی'!T:T,0)) -> 9901010187 | F205: =INDEX('اکسسوری حذف از لیست اصلی'!D:D,MATCH(K205,'اکسسوری حذف از لیست اصلی'!T:T,0)) -> آباژور رومیزی سفال سفید TL-C187 | G205: =INDEX('اکسسوری حذف از لیست اصلی'!E:E,MATCH(K205,'اکسسوری حذف از لیست اصلی'!T:T,0)) -> - | H205: =INDEX('اکسسوری حذف از لیست اصلی'!F:F,MATCH(K205,'اکسسوری حذف از لیست اصلی'!T:T,0)) -> - | I205: =INDEX('اکسسوری حذف از لیست اصلی'!G:G,MATCH(K205,'اکسسوری حذف از لیست اصلی'!T:T,0)) -> - | J205: =INDEX('اکسسوری حذف از لیست اصلی'!J:J,MATCH(K205,'اکسسوری حذف از لیست اصلی'!T:T,0)) -> 126000000 | K205: 62
D206: 63 | E206: =INDEX('اکسسوری حذف از لیست اصلی'!C:C,MATCH(K206,'اکسسوری حذف از لیست اصلی'!T:T,0)) -> 9901010191 | F206: =INDEX('اکسسوری حذف از لیست اصلی'!D:D,MATCH(K206,'اکسسوری حذف از لیست اصلی'!T:T,0)) -> آباژور رومیزی عصایی سنگ مشکی TL-S191 | G206: =INDEX('اکسسوری حذف از لیست اصلی'!E:E,MATCH(K206,'اکسسوری حذف از لیست اصلی'!T:T,0)) -> - | H206: =INDEX('اکسسوری حذف از لیست اصلی'!F:F,MATCH(K206,'اکسسوری حذف از لیست اصلی'!T:T,0)) -> 0 | I206: =INDEX('اکسسوری حذف از لیست اصلی'!G:G,MATCH(K206,'اکسسوری حذف از لیست اصلی'!T:T,0)) -> 0 | J206: =INDEX('اکسسوری حذف از لیست اصلی'!J:J,MATCH(K206,'اکسسوری حذف از لیست اصلی'!T:T,0)) -> 212000000 | K206: 63
D207: 64 | E207: =INDEX('اکسسوری حذف از لیست اصلی'!C:C,MATCH(K207,'اکسسوری حذف از لیست اصلی'!T:T,0)) -> 9901010193 | F207: =INDEX('اکسسوری حذف از لیست اصلی'!D:D,MATCH(K207,'اکسسوری حذف از لیست اصلی'!T:T,0)) -> آباژور رومیزی سنگ مشکیTL-S193 | G207: =INDEX('اکسسوری حذف از لیست اصلی'!E:E,MATCH(K207,'اکسسوری حذف از لیست اصلی'!T:T,0)) -> 0 | H207: =INDEX('اکسسوری حذف از لیست اصلی'!F:F,MATCH(K207,'اکسسوری حذف از لیست اصلی'!T:T,0)) -> 0 | I207: =INDEX('اکسسوری حذف از لیست اصلی'!G:G,MATCH(K207,'اکسسوری حذف از لیست اصلی'!T:T,0)) -> 0 | J207: =INDEX('اکسسوری حذف از لیست اصلی'!J:J,MATCH(K207,'اکسسوری حذف از لیست اصلی'!T:T,0)) -> 162000000 | K207: 64
D208: 65 | E208: =INDEX('اکسسوری حذف از لیست اصلی'!C:C,MATCH(K208,'اکسسوری حذف از لیست اصلی'!T:T,0)) -> 9901010196 | F208: =INDEX('اکسسوری حذف از لیست اصلی'!D:D,MATCH(K208,'اکسسوری حذف از لیست اصلی'!T:T,0)) -> آباژور رومیزی چوبی TL-W196 | G208: =INDEX('اکسسوری حذف از لیست اصلی'!E:E,MATCH(K208,'اکسسوری حذف از لیست اصلی'!T:T,0)) -> - | H208: =INDEX('اکسسوری حذف از لیست اصلی'!F:F,MATCH(K208,'اکسسوری حذف از لیست اصلی'!T:T,0)) -> - | I208: =INDEX('اکسسوری حذف از لیست اصلی'!G:G,MATCH(K208,'اکسسوری حذف از لیست اصلی'!T:T,0)) -> - | J208: =INDEX('اکسسوری حذف از لیست اصلی'!J:J,MATCH(K208,'اکسسوری حذف از لیست اصلی'!T:T,0)) -> 354000000 | K208: 65
D209: 66 | E209: =INDEX('اکسسوری حذف از لیست اصلی'!C:C,MATCH(K209,'اکسسوری حذف از لیست اصلی'!T:T,0)) -> 9901010198 | F209: =INDEX('اکسسوری حذف از لیست اصلی'!D:D,MATCH(K209,'اکسسوری حذف از لیست اصلی'!T:T,0)) -> آباژور رومیزی سنگی مشکی استوانه TL-S198 | G209: =INDEX('اکسسوری حذف از لیست اصلی'!E:E,MATCH(K209,'اکسسوری حذف از لیست اصلی'!T:T,0)) -> - | H209: =INDEX('اکسسوری حذف از لیست اصلی'!F:F,MATCH(K209,'اکسسوری حذف از لیست اصلی'!T:T,0)) -> - | I209: =INDEX('اکسسوری حذف از لیست اصلی'!G:G,MATCH(K209,'اکسسوری حذف از لیست اصلی'!T:T,0)) -> - | J209: =INDEX('اکسسوری حذف از لیست اصلی'!J:J,MATCH(K209,'اکسسوری حذف از لیست اصلی'!T:T,0)) -> 170000000 | K209: 66
D210: 67 | E210: =INDEX('اکسسوری حذف از لیست اصلی'!C:C,MATCH(K210,'اکسسوری حذف از لیست اصلی'!T:T,0)) -> 9901010200 | F210: =INDEX('اکسسوری حذف از لیست اصلی'!D:D,MATCH(K210,'اکسسوری حذف از لیست اصلی'!T:T,0)) -> آباژور رومیزی فلز خم طلایی TL-M200 | G210: =INDEX('اکسسوری حذف از لیست اصلی'!E:E,MATCH(K210,'اکسسوری حذف از لیست اصلی'!T:T,0)) -> - | H210: =INDEX('اکسسوری حذف از لیست اصلی'!F:F,MATCH(K210,'اکسسوری حذف از لیست اصلی'!T:T,0)) -> - | I210: =INDEX('اکسسوری حذف از لیست اصلی'!G:G,MATCH(K210,'اکسسوری حذف از لیست اصلی'!T:T,0)) -> - | J210: =INDEX('اکسسوری حذف از لیست اصلی'!J:J,MATCH(K210,'اکسسوری حذف از لیست اصلی'!T:T,0)) -> 135000000 | K210: 67
D211: 68 | E211: =INDEX('اکسسوری حذف از لیست اصلی'!C:C,MATCH(K211,'اکسسوری حذف از لیست اصلی'!T:T,0)) -> 9901010201 | F211: =INDEX('اکسسوری حذف از لیست اصلی'!D:D,MATCH(K211,'اکسسوری حذف از لیست اصلی'!T:T,0)) -> آباژور رومیزی فلز/چوب طلایی TL-M/W201 | G211: =INDEX('اکسسوری حذف از لیست اصلی'!E:E,MATCH(K211,'اکسسوری حذف از لیست اصلی'!T:T,0)) -> 0 | H211: =INDEX('اکسسوری حذف از لیست اصلی'!F:F,MATCH(K211,'اکسسوری حذف از لیست اصلی'!T:T,0)) -> 0 | I211: =INDEX('اکسسوری حذف از لیست اصلی'!G:G,MATCH(K211,'اکسسوری حذف از لیست اصلی'!T:T,0)) -> 0 | J211: =INDEX('اکسسوری حذف از لیست اصلی'!J:J,MATCH(K211,'اکسسوری حذف از لیست اصلی'!T:T,0)) -> 130000000 | K211: 68
D212: 69 | E212: =INDEX('اکسسوری حذف از لیست اصلی'!C:C,MATCH(K212,'اکسسوری حذف از لیست اصلی'!T:T,0)) -> 9901010210 | F212: =INDEX('اکسسوری حذف از لیست اصلی'!D:D,MATCH(K212,'اکسسوری حذف از لیست اصلی'!T:T,0)) -> آباژور رومیزی سفالی کرم خاکیTL-C210 | G212: =INDEX('اکسسوری حذف از لیست اصلی'!E:E,MATCH(K212,'اکسسوری حذف از لیست اصلی'!T:T,0)) -> 0 | H212: =INDEX('اکسسوری حذف از لیست اصلی'!F:F,MATCH(K212,'اکسسوری حذف از لیست اصلی'!T:T,0)) -> 0 | I212: =INDEX('اکسسوری حذف از لیست اصلی'!G:G,MATCH(K212,'اکسسوری حذف از لیست اصلی'!T:T,0)) -> 0 | J212: =INDEX('اکسسوری حذف از لیست اصلی'!J:J,MATCH(K212,'اکسسوری حذف از لیست اصلی'!T:T,0)) -> 126000000 | K212: 69
J222: 6
D225: آباژور ایستاده | J225: =$N$1 -> 1405/02/23
D226: ردیف | E226: کد کالا | F226: شرح کالا | G226: طول (cm) | H226: عرض (cm) | I226: ارتفاع (cm) | J226: قیمت (ریال)
D227: 1 | E227: =INDEX('اکسسوری حذف از لیست اصلی'!C:C,MATCH(K227,'اکسسوری حذف از لیست اصلی'!T:T,0)) -> 9901010068 | F227: =INDEX('اکسسوری حذف از لیست اصلی'!D:D,MATCH(K227,'اکسسوری حذف از لیست اصلی'!T:T,0)) -> آباژور ایستاده چوبی FL-W068 | G227: =INDEX('اکسسوری حذف از لیست اصلی'!E:E,MATCH(K227,'اکسسوری حذف از لیست اصلی'!T:T,0)) -> 65 | H227: =INDEX('اکسسوری حذف از لیست اصلی'!F:F,MATCH(K227,'اکسسوری حذف از لیست اصلی'!T:T,0)) -> 22 | I227: =INDEX('اکسسوری حذف از لیست اصلی'!G:G,MATCH(K227,'اکسسوری حذف از لیست اصلی'!T:T,0)) -> 165 | J227: =INDEX('اکسسوری حذف از لیست اصلی'!J:J,MATCH(K227,'اکسسوری حذف از لیست اصلی'!T:T,0)) -> 297000000 | K227: 70
D228: 2 | E228: =INDEX('اکسسوری حذف از لیست اصلی'!C:C,MATCH(K228,'اکسسوری حذف از لیست اصلی'!T:T,0)) -> 9901010069 | F228: =INDEX('اکسسوری حذف از لیست اصلی'!D:D,MATCH(K228,'اکسسوری حذف از لیست اصلی'!T:T,0)) -> آباژور ایستاده چوبی FL-W069 | G228: =INDEX('اکسسوری حذف از لیست اصلی'!E:E,MATCH(K228,'اکسسوری حذف از لیست اصلی'!T:T,0)) -> 21 | H228: =INDEX('اکسسوری حذف از لیست اصلی'!F:F,MATCH(K228,'اکسسوری حذف از لیست اصلی'!T:T,0)) -> 14 | I228: =INDEX('اکسسوری حذف از لیست اصلی'!G:G,MATCH(K228,'اکسسوری حذف از لیست اصلی'!T:T,0)) -> 160 | J228: =INDEX('اکسسوری حذف از لیست اصلی'!J:J,MATCH(K228,'اکسسوری حذف از لیست اصلی'!T:T,0)) -> 359000000 | K228: 71
...
